CANTIDAD,ESTADO,PERBASE,COD_PERIODO,COD_UTP,NIVEL,SUBNIVEL,FACULTAD,NOMBRE,DURACION_SEMESTRES,PERIODOS
19,Cambio de programa,15,2013-1,28,Pregrado,Profesional,Ingeniería,Ingeniería de Sistemas y Computación,10,131 a 141
26,Graduado,16,2013-2,34,Pregrado,Profesional,Ingeniería,Ingeniería Física,10,132 a 142
28,Graduado,18,2014-2,47,Posgrado,Maestría,Ingeniería,Maestría en Ingeniería Eléctrica,4,142 a 152
218,Permanece programa,19,2015-1,36,Pregrado,Profesional,Ingeniería,Ingeniería Electrónica (Nocturno),10,151 a 161
17,Cambio de programa,20,2015-2,12,Pregrado,Profesional,Ingeniería,Ingeniería Eléctrica,10,152 a 162
32,Permanece programa,21,2016-1,DV,Posgrado,Doctorado,Ingeniería,Doctorado en Ingeniería,7,161 a 171
134,Graduado,22,2016-2,12,Pregrado,Profesional,Ingeniería,Ingeniería Eléctrica,10,162 a 172
13,Permanece programa,25,2018-1,FV34,Pregrado,Profesional,Ingeniería,Ingeniería Física (Básicos ingenieria),10,181 a 191
86,Permanece programa,26,2018-2,36,Pregrado,Profesional,Ingeniería,Ingeniería Electrónica (Nocturno),10,182 a 192
608,Permanece programa,27,2019-1,28,Pregrado,Profesional,Ingeniería,Ingeniería de Sistemas y Computación,10,191 a 201
23,No matriculado,27,2019-1,34,Pregrado,Profesional,Ingeniería,Ingeniería Física,10,191 a 201
17,Permanece programa,28,2019-2,TS,Pregrado,Tecnológica,Ingeniería,Tecnología en Desarrollo de Software,6,192 a 202
2,Graduado,28,2019-2,FI,Pregrado,Profesional,Ingeniería,Ingeniería Electrónica (Diurna),10,192 a 202
278,Permanece programa,30,2020-2,37,Pregrado,Profesional,Ingeniería,Ingeniería de Sistemas y Computación (Nocturno),12,202 a 212
218,Permanece programa,24,2017-2,37,Pregrado,Profesional,Ingeniería,Ingeniería de Sistemas y Computación (Nocturno),12,172 a 182
2,Cambio de programa,24,2017-2,36,Pregrado,Profesional,Ingeniería,Ingeniería Electrónica (Nocturno),10,172 a 182
18,Permanece programa,24,2017-2,FV12,Pregrado,Profesional,Ingeniería,Ingeniería Eléctrica (Básicos ingeniería),10,172 a 182
228,Permanece programa,25,2018-1,37,Pregrado,Profesional,Ingeniería,Ingeniería de Sistemas y Computación (Nocturno),12,181 a 191
150,Graduado,25,2018-1,12,Pregrado,Profesional,Ingeniería,Ingeniería Eléctrica,10,181 a 191
13,Graduado,26,2018-2,AY,Posgrado,Maestría,Ingeniería,Maestría en Ingeniería de Sistemas y Computación,4,182 a 192
44,No matriculado,8,2009-2,28,Pregrado,Profesional,Ingeniería,Ingeniería de Sistemas y Computación,10,092 a 102
9,Graduado,8,2009-2,47,Posgrado,Maestría,Ingeniería,Maestría en Ingeniería Eléctrica,4,092 a 102
211,Permanece programa,12,2011-2,36,Pregrado,Profesional,Ingeniería,Ingeniería Electrónica (Nocturno),10,112 a 122
194,Permanece programa,15,2013-1,37,Pregrado,Profesional,Ingeniería,Ingeniería de Sistemas y Computación (Nocturno),12,131 a 141
77,Graduado,30,2020-2,28,Pregrado,Profesional,Ingeniería,Ingeniería de Sistemas y Computación,10,202 a 212
527,Permanece programa,1,2006-1,28,Pregrado,Profesional,Ingeniería,Ingeniería de Sistemas y Computación,10,061 a 071
245,Permanece programa,4,2007-2,36,Pregrado,Profesional,Ingeniería,Ingeniería Electrónica (Nocturno),10,072 a 082
596,Permanece programa,5,2008-1,12,Pregrado,Profesional,Ingeniería,Ingeniería Eléctrica,10,081 a 091
202,Permanece programa,5,2008-1,37,Pregrado,Profesional,Ingeniería,Ingeniería de Sistemas y Computación (Nocturno),12,081 a 091
52,No matriculado,5,2008-1,37,Pregrado,Profesional,Ingeniería,Ingeniería de Sistemas y Computación (Nocturno),12,081 a 091
13,Graduado,6,2008-2,47,Posgrado,Maestría,Ingeniería,Maestría en Ingeniería Eléctrica,4,082 a 092
206,Permanece programa,6,2008-2,37,Pregrado,Profesional,Ingeniería,Ingeniería de Sistemas y Computación (Nocturno),12,082 a 092
55,No matriculado,2,2006-2,37,Pregrado,Profesional,Ingeniería,Ingeniería de Sistemas y Computación (Nocturno),12,062 a 072
7,Cambio de programa,3,2007-1,36,Pregrado,Profesional,Ingeniería,Ingeniería Electrónica (Nocturno),10,071 a 081
73,Graduado,5,2008-1,28,Pregrado,Profesional,Ingeniería,Ingeniería de Sistemas y Computación,10,081 a 091
29,No matriculado,5,2008-1,47,Posgrado,Maestría,Ingeniería,Maestría en Ingeniería Eléctrica,4,081 a 091
24,Cambio de programa,5,2008-1,36,Pregrado,Profesional,Ingeniería,Ingeniería Electrónica (Nocturno),10,081 a 091
63,Graduado,6,2008-2,28,Pregrado,Profesional,Ingeniería,Ingeniería de Sistemas y Computación,10,082 a 092
19,Cambio de programa,7,2009-1,34,Pregrado,Profesional,Ingeniería,Ingeniería Física,10,091 a 101
34,Graduado,11,2011-1,36,Pregrado,Profesional,Ingeniería,Ingeniería Electrónica (Nocturno),10,111 a 121
19,Cambio de programa,11,2011-1,36,Pregrado,Profesional,Ingeniería,Ingeniería Electrónica (Nocturno),10,111 a 121
20,Permanece programa,12,2011-2,AZ,Posgrado,Especialización,Ingeniería,Especialización en Redes de Datos,2,112 a 122
30,Permanece programa,12,2011-2,47,Posgrado,Maestría,Ingeniería,Maestría en Ingeniería Eléctrica,4,112 a 122
193,Permanece programa,14,2012-2,34,Pregrado,Profesional,Ingeniería,Ingeniería Física,10,122 a 132
587,Permanece programa,16,2013-2,28,Pregrado,Profesional,Ingeniería,Ingeniería de Sistemas y Computación,10,132 a 142
58,No matriculado,21,2016-1,12,Pregrado,Profesional,Ingeniería,Ingeniería Eléctrica,10,161 a 171
25,Permanece programa,21,2016-1,47,Posgrado,Maestría,Ingeniería,Maestría en Ingeniería Eléctrica,4,161 a 171
34,Permanece programa,23,2017-1,DV,Posgrado,Doctorado,Ingeniería,Doctorado en Ingeniería,7,171 a 181
15,Cambio de programa,23,2017-1,28,Pregrado,Profesional,Ingeniería,Ingeniería de Sistemas y Computación,10,171 a 181
60,Permanece programa,24,2017-2,FI,Pregrado,Profesional,Ingeniería,Ingeniería Electrónica (Diurna),10,172 a 182
22,Cambio de programa,25,2018-1,28,Pregrado,Profesional,Ingeniería,Ingeniería de Sistemas y Computación,10,181 a 191
39,No matriculado,27,2019-1,37,Pregrado,Profesional,Ingeniería,Ingeniería de Sistemas y Computación (Nocturno),12,191 a 201
55,Permanece programa,27,2019-1,AY,Posgrado,Maestría,Ingeniería,Maestría en Ingeniería de Sistemas y Computación,4,191 a 201
77,Permanece programa,27,2019-1,36,Pregrado,Profesional,Ingeniería,Ingeniería Electrónica (Nocturno),10,191 a 201
161,Permanece programa,28,2019-2,FI,Pregrado,Profesional,Ingeniería,Ingeniería Electrónica (Diurna),10,192 a 202
8,No matriculado,28,2019-2,36,Pregrado,Profesional,Ingeniería,Ingeniería Electrónica (Nocturno),10,192 a 202
66,No matriculado,30,2020-2,28,Pregrado,Profesional,Ingeniería,Ingeniería de Sistemas y Computación,10,202 a 212
8,No matriculado,30,2020-2,AT,Posgrado,Especialización,Ingeniería,Especialización en Electrónica Digital,2,202 a 212
22,Cambio de programa,5,2008-1,28,Pregrado,Profesional,Ingeniería,Ingeniería de Sistemas y Computación,10,081 a 091
154,Permanece programa,6,2008-2,34,Pregrado,Profesional,Ingeniería,Ingeniería Física,10,082 a 092
230,Permanece programa,9,2010-1,37,Pregrado,Profesional,Ingeniería,Ingeniería de Sistemas y Computación (Nocturno),12,101 a 111
98,Graduado,10,2010-2,12,Pregrado,Profesional,Ingeniería,Ingeniería Eléctrica,10,102 a 112
39,No matriculado,10,2010-2,28,Pregrado,Profesional,Ingeniería,Ingeniería de Sistemas y Computación,10,102 a 112
20,Graduado,12,2011-2,34,Pregrado,Profesional,Ingeniería,Ingeniería Física,10,112 a 122
41,Graduado,13,2012-1,12,Pregrado,Profesional,Ingeniería,Ingeniería Eléctrica,10,121 a 131
38,No matriculado,14,2012-2,36,Pregrado,Profesional,Ingeniería,Ingeniería Electrónica (Nocturno),10,122 a 132
57,No matriculado,15,2013-1,37,Pregrado,Profesional,Ingeniería,Ingeniería de Sistemas y Computación (Nocturno),12,131 a 141
37,No matriculado,19,2015-1,28,Pregrado,Profesional,Ingeniería,Ingeniería de Sistemas y Computación,10,151 a 161
10,Cambio de programa,20,2015-2,36,Pregrado,Profesional,Ingeniería,Ingeniería Electrónica (Nocturno),10,152 a 162
39,Graduado,20,2015-2,36,Pregrado,Profesional,Ingeniería,Ingeniería Electrónica (Nocturno),10,152 a 162
220,Permanece programa,21,2016-1,37,Pregrado,Profesional,Ingeniería,Ingeniería de Sistemas y Computación (Nocturno),12,161 a 171
591,Permanece programa,22,2016-2,28,Pregrado,Profesional,Ingeniería,Ingeniería de Sistemas y Computación,10,162 a 172
26,Graduado,22,2016-2,36,Pregrado,Profesional,Ingeniería,Ingeniería Electrónica (Nocturno),10,162 a 172
7,No matriculado,22,2016-2,47,Posgrado,Maestría,Ingeniería,Maestría en Ingeniería Eléctrica,4,162 a 172
58,No matriculado,22,2016-2,37,Pregrado,Profesional,Ingeniería,Ingeniería de Sistemas y Computación (Nocturno),12,162 a 172
8,No matriculado,22,2016-2,FI,Pregrado,Profesional,Ingeniería,Ingeniería Electrónica (Diurna),10,162 a 172
10,No matriculado,23,2017-1,AY,Posgrado,Maestría,Ingeniería,Maestría en Ingeniería de Sistemas y Computación,4,171 a 181
45,No matriculado,23,2017-1,37,Pregrado,Profesional,Ingeniería,Ingeniería de Sistemas y Computación (Nocturno),12,171 a 181
45,Permanece programa,23,2017-1,FI,Pregrado,Profesional,Ingeniería,Ingeniería Electrónica (Diurna),10,171 a 181
50,Graduado,24,2017-2,34,Pregrado,Profesional,Ingeniería,Ingeniería Física,10,172 a 182
12,No matriculado,24,2017-2,FI,Pregrado,Profesional,Ingeniería,Ingeniería Electrónica (Diurna),10,172 a 182
16,Cambio de programa,25,2018-1,12,Pregrado,Profesional,Ingeniería,Ingeniería Eléctrica,10,181 a 191
55,Permanece programa,17,2014-1,AY,Posgrado,Maestría,Ingeniería,Maestría en Ingeniería de Sistemas y Computación,4,141 a 151
57,Graduado,17,2014-1,12,Pregrado,Profesional,Ingeniería,Ingeniería Eléctrica,10,141 a 151
261,Permanece programa,17,2014-1,34,Pregrado,Profesional,Ingeniería,Ingeniería Física,10,141 a 151
186,Permanece programa,18,2014-2,36,Pregrado,Profesional,Ingeniería,Ingeniería Electrónica (Nocturno),10,142 a 152
34,Graduado,18,2014-2,36,Pregrado,Profesional,Ingeniería,Ingeniería Electrónica (Nocturno),10,142 a 152
19,No matriculado,18,2014-2,34,Pregrado,Profesional,Ingeniería,Ingeniería Física,10,142 a 152
21,Permanece programa,20,2015-2,AY,Posgrado,Maestría,Ingeniería,Maestría en Ingeniería de Sistemas y Computación,4,152 a 162
38,Graduado,21,2016-1,34,Pregrado,Profesional,Ingeniería,Ingeniería Física,10,161 a 171
2,Graduado,15,2013-1,AY,Posgrado,Maestría,Ingeniería,Maestría en Ingeniería de Sistemas y Computación,4,131 a 141
22,Permanece programa,18,2014-2,DV,Posgrado,Doctorado,Ingeniería,Doctorado en Ingeniería,7,142 a 152
41,No matriculado,18,2014-2,28,Pregrado,Profesional,Ingeniería,Ingeniería de Sistemas y Computación,10,142 a 152
97,Graduado,19,2015-1,28,Pregrado,Profesional,Ingeniería,Ingeniería de Sistemas y Computación,10,151 a 161
807,Permanece programa,21,2016-1,12,Pregrado,Profesional,Ingeniería,Ingeniería Eléctrica,10,161 a 171
119,Graduado,21,2016-1,12,Pregrado,Profesional,Ingeniería,Ingeniería Eléctrica,10,161 a 171
789,Permanece programa,22,2016-2,12,Pregrado,Profesional,Ingeniería,Ingeniería Eléctrica,10,162 a 172
30,Graduado,23,2017-1,36,Pregrado,Profesional,Ingeniería,Ingeniería Electrónica (Nocturno),10,171 a 181
2,No matriculado,24,2017-2,AY,Posgrado,Maestría,Ingeniería,Maestría en Ingeniería de Sistemas y Computación,4,172 a 182
774,Permanece programa,25,2018-1,12,Pregrado,Profesional,Ingeniería,Ingeniería Eléctrica,10,181 a 191
29,No matriculado,25,2018-1,34,Pregrado,Profesional,Ingeniería,Ingeniería Física,10,181 a 191
2,Cambio de programa,25,2018-1,36,Pregrado,Profesional,Ingeniería,Ingeniería Electrónica (Nocturno),10,181 a 191
36,Permanece programa,26,2018-2,47,Posgrado,Maestría,Ingeniería,Maestría en Ingeniería Eléctrica,4,182 a 192
52,Permanece programa,26,2018-2,AY,Posgrado,Maestría,Ingeniería,Maestría en Ingeniería de Sistemas y Computación,4,182 a 192
25,Graduado,26,2018-2,36,Pregrado,Profesional,Ingeniería,Ingeniería Electrónica (Nocturno),10,182 a 192
10,Cambio de programa,26,2018-2,28,Pregrado,Profesional,Ingeniería,Ingeniería de Sistemas y Computación,10,182 a 192
9,Graduado,28,2019-2,AZ,Posgrado,Especialización,Ingeniería,Especialización en Redes de Datos,2,192 a 202
16,No matriculado,28,2019-2,34,Pregrado,Profesional,Ingeniería,Ingeniería Física,10,192 a 202
7,Cambio de programa,28,2019-2,34,Pregrado,Profesional,Ingeniería,Ingeniería Física,10,192 a 202
4,Cambio de programa,28,2019-2,37,Pregrado,Profesional,Ingeniería,Ingeniería de Sistemas y Computación (Nocturno),12,192 a 202
21,No matriculado,29,2020-1,28,Pregrado,Profesional,Ingeniería,Ingeniería de Sistemas y Computación,10,201 a 211
810,Permanece programa,30,2020-2,12,Pregrado,Profesional,Ingeniería,Ingeniería Eléctrica,10,202 a 212
2,Cambio de programa,1,2006-1,28,Pregrado,Profesional,Ingeniería,Ingeniería de Sistemas y Computación,10,061 a 071
161,Permanece programa,2,2006-2,37,Pregrado,Profesional,Ingeniería,Ingeniería de Sistemas y Computación (Nocturno),12,062 a 072
53,Permanece programa,3,2007-1,47,Posgrado,Maestría,Ingeniería,Maestría en Ingeniería Eléctrica,4,071 a 081
199,Permanece programa,4,2007-2,37,Pregrado,Profesional,Ingeniería,Ingeniería de Sistemas y Computación (Nocturno),12,072 a 082
254,Permanece programa,6,2008-2,36,Pregrado,Profesional,Ingeniería,Ingeniería Electrónica (Nocturno),10,082 a 092
20,Cambio de programa,7,2009-1,28,Pregrado,Profesional,Ingeniería,Ingeniería de Sistemas y Computación,10,091 a 101
4,Graduado,10,2010-2,47,Posgrado,Maestría,Ingeniería,Maestría en Ingeniería Eléctrica,4,102 a 112
41,Permanece programa,10,2010-2,47,Posgrado,Maestría,Ingeniería,Maestría en Ingeniería Eléctrica,4,102 a 112
18,Permanece programa,11,2011-1,AZ,Posgrado,Especialización,Ingeniería,Especialización en Redes de Datos,2,111 a 121
742,Permanece programa,14,2012-2,12,Pregrado,Profesional,Ingeniería,Ingeniería Eléctrica,10,122 a 132
31,Permanece programa,14,2012-2,AY,Posgrado,Maestría,Ingeniería,Maestría en Ingeniería de Sistemas y Computación,4,122 a 132
12,Permanece programa,14,2012-2,DV,Posgrado,Doctorado,Ingeniería,Doctorado en Ingeniería,7,122 a 132
1,No matriculado,15,2013-1,AZ,Posgrado,Especialización,Ingeniería,Especialización en Redes de Datos,2,131 a 141
26,Graduado,15,2013-1,34,Pregrado,Profesional,Ingeniería,Ingeniería Física,10,131 a 141
31,Graduado,16,2013-2,36,Pregrado,Profesional,Ingeniería,Ingeniería Electrónica (Nocturno),10,132 a 142
590,Permanece programa,17,2014-1,28,Pregrado,Profesional,Ingeniería,Ingeniería de Sistemas y Computación,10,141 a 151
136,Graduado,20,2015-2,12,Pregrado,Profesional,Ingeniería,Ingeniería Eléctrica,10,152 a 162
32,Permanece programa,21,2016-1,AY,Posgrado,Maestría,Ingeniería,Maestría en Ingeniería de Sistemas y Computación,4,161 a 171
84,Graduado,23,2017-1,28,Pregrado,Profesional,Ingeniería,Ingeniería de Sistemas y Computación,10,171 a 181
6,Cambio de programa,23,2017-1,36,Pregrado,Profesional,Ingeniería,Ingeniería Electrónica (Nocturno),10,171 a 181
14,Graduado,23,2017-1,37,Pregrado,Profesional,Ingeniería,Ingeniería de Sistemas y Computación (Nocturno),12,171 a 181
10,No matriculado,25,2018-1,47,Posgrado,Maestría,Ingeniería,Maestría en Ingeniería Eléctrica,4,181 a 191
18,Permanece programa,25,2018-1,FV12,Pregrado,Profesional,Ingeniería,Ingeniería Eléctrica (Básicos ingeniería),10,181 a 191
2,No matriculado,25,2018-1,FV28,Pregrado,Profesional,Ingeniería,Ingeniería de Sistemas y Computación (Básicos ingeniería),10,181 a 191
99,Permanece programa,26,2018-2,FI,Pregrado,Profesional,Ingeniería,Ingeniería Electrónica (Diurna),10,182 a 192
2,No matriculado,26,2018-2,28C,Pregrado,Profesional,Ingeniería,Ingeniería de Sistemas y Computación (Convenio Cuba),10,182 a 192
228,Permanece programa,27,2019-1,37,Pregrado,Profesional,Ingeniería,Ingeniería de Sistemas y Computación (Nocturno),12,191 a 201
586,Permanece programa,28,2019-2,28,Pregrado,Profesional,Ingeniería,Ingeniería de Sistemas y Computación,10,192 a 202
1,No matriculado,28,2019-2,DV,Posgrado,Doctorado,Ingeniería,Doctorado en Ingeniería,7,192 a 202
211,Permanece programa,29,2020-1,FI,Pregrado,Profesional,Ingeniería,Ingeniería Electrónica (Diurna),10,201 a 211
43,Permanece programa,29,2020-1,47,Posgrado,Maestría,Ingeniería,Maestría en Ingeniería Eléctrica,4,201 a 211
16,No matriculado,29,2020-1,12,Pregrado,Profesional,Ingeniería,Ingeniería Eléctrica,10,201 a 211
1,No matriculado,29,2020-1,28C,Pregrado,Profesional,Ingeniería,Ingeniería de Sistemas y Computación (Convenio Cuba),10,201 a 211
7,Graduado,30,2020-2,DV,Posgrado,Doctorado,Ingeniería,Doctorado en Ingeniería,7,202 a 212
30,No matriculado,30,2020-2,34,Pregrado,Profesional,Ingeniería,Ingeniería Física,10,202 a 212
2,Graduado,30,2020-2,FI,Pregrado,Profesional,Ingeniería,Ingeniería Electrónica (Diurna),10,202 a 212
25,No matriculado,3,2007-1,34,Pregrado,Profesional,Ingeniería,Ingeniería Física,10,071 a 081
575,Permanece programa,4,2007-2,12,Pregrado,Profesional,Ingeniería,Ingeniería Eléctrica,10,072 a 082
45,No matriculado,4,2007-2,36,Pregrado,Profesional,Ingeniería,Ingeniería Electrónica (Nocturno),10,072 a 082
10,Cambio de programa,4,2007-2,12,Pregrado,Profesional,Ingeniería,Ingeniería Eléctrica,10,072 a 082
47,No matriculado,5,2008-1,12,Pregrado,Profesional,Ingeniería,Ingeniería Eléctrica,10,081 a 091
596,Permanece programa,8,2009-2,12,Pregrado,Profesional,Ingeniería,Ingeniería Eléctrica,10,092 a 102
8,No matriculado,8,2009-2,47,Posgrado,Maestría,Ingeniería,Maestría en Ingeniería Eléctrica,4,092 a 102
38,No matriculado,9,2010-1,12,Pregrado,Profesional,Ingeniería,Ingeniería Eléctrica,10,101 a 111
618,Permanece programa,10,2010-2,12,Pregrado,Profesional,Ingeniería,Ingeniería Eléctrica,10,102 a 112
216,Permanece programa,11,2011-1,34,Pregrado,Profesional,Ingeniería,Ingeniería Física,10,111 a 121
20,No matriculado,11,2011-1,47,Posgrado,Maestría,Ingeniería,Maestría en Ingeniería Eléctrica,4,111 a 121
40,No matriculado,11,2011-1,12,Pregrado,Profesional,Ingeniería,Ingeniería Eléctrica,10,111 a 121
663,Permanece programa,12,2011-2,12,Pregrado,Profesional,Ingeniería,Ingeniería Eléctrica,10,112 a 122
40,No matriculado,14,2012-2,12,Pregrado,Profesional,Ingeniería,Ingeniería Eléctrica,10,122 a 132
11,No matriculado,15,2013-1,47,Posgrado,Maestría,Ingeniería,Maestría en Ingeniería Eléctrica,4,131 a 141
55,No matriculado,17,2014-1,36,Pregrado,Profesional,Ingeniería,Ingeniería Electrónica (Nocturno),10,141 a 151
28,Graduado,17,2014-1,36,Pregrado,Profesional,Ingeniería,Ingeniería Electrónica (Nocturno),10,141 a 151
213,Permanece programa,18,2014-2,34,Pregrado,Profesional,Ingeniería,Ingeniería Física,10,142 a 152
6,Cambio de programa,18,2014-2,34,Pregrado,Profesional,Ingeniería,Ingeniería Física,10,142 a 152
1,No matriculado,18,2014-2,DV,Posgrado,Doctorado,Ingeniería,Doctorado en Ingeniería,7,142 a 152
564,Permanece programa,19,2015-1,28,Pregrado,Profesional,Ingeniería,Ingeniería de Sistemas y Computación,10,151 a 161
39,Graduado,19,2015-1,34,Pregrado,Profesional,Ingeniería,Ingeniería Física,10,151 a 161
48,No matriculado,23,2017-1,28,Pregrado,Profesional,Ingeniería,Ingeniería de Sistemas y Computación,10,171 a 181
5,Cambio de programa,23,2017-1,37,Pregrado,Profesional,Ingeniería,Ingeniería de Sistemas y Computación (Nocturno),12,171 a 181
2,No matriculado,23,2017-1,FV34,Pregrado,Profesional,Ingeniería,Ingeniería Física (Básicos ingenieria),10,171 a 181
3,No matriculado,23,2017-1,28C,Pregrado,Profesional,Ingeniería,Ingeniería de Sistemas y Computación (Convenio Cuba),10,171 a 181
28,Permanece programa,25,2018-1,DV,Posgrado,Doctorado,Ingeniería,Doctorado en Ingeniería,7,181 a 191
8,Graduado,25,2018-1,DV,Posgrado,Doctorado,Ingeniería,Doctorado en Ingeniería,7,181 a 191
12,Permanece programa,26,2018-2,FV12,Pregrado,Profesional,Ingeniería,Ingeniería Eléctrica (Básicos ingeniería),10,182 a 192
6,Cambio de programa,27,2019-1,34,Pregrado,Profesional,Ingeniería,Ingeniería Física,10,191 a 201
15,No matriculado,29,2020-1,AY,Posgrado,Maestría,Ingeniería,Maestría en Ingeniería de Sistemas y Computación,4,201 a 211
37,Permanece programa,29,2020-1,TS,Pregrado,Tecnológica,Ingeniería,Tecnología en Desarrollo de Software,6,201 a 211
4,Cambio de programa,29,2020-1,FI,Pregrado,Profesional,Ingeniería,Ingeniería Electrónica (Diurna),10,201 a 211
62,No matriculado,30,2020-2,12,Pregrado,Profesional,Ingeniería,Ingeniería Eléctrica,10,202 a 212
2,No matriculado,30,2020-2,36,Pregrado,Profesional,Ingeniería,Ingeniería Electrónica (Nocturno),10,202 a 212
44,No matriculado,2,2006-2,12,Pregrado,Profesional,Ingeniería,Ingeniería Eléctrica,10,062 a 072
38,Permanece programa,2,2006-2,47,Posgrado,Maestría,Ingeniería,Maestría en Ingeniería Eléctrica,4,062 a 072
11,Cambio de programa,6,2008-2,34,Pregrado,Profesional,Ingeniería,Ingeniería Física,10,082 a 092
40,No matriculado,7,2009-1,36,Pregrado,Profesional,Ingeniería,Ingeniería Electrónica (Nocturno),10,091 a 101
39,No matriculado,7,2009-1,12,Pregrado,Profesional,Ingeniería,Ingeniería Eléctrica,10,091 a 101
7,Permanece programa,9,2010-1,AT,Posgrado,Especialización,Ingeniería,Especialización en Electrónica Digital,2,101 a 111
5,Graduado,9,2010-1,47,Posgrado,Maestría,Ingeniería,Maestría en Ingeniería Eléctrica,4,101 a 111
211,Permanece programa,10,2010-2,37,Pregrado,Profesional,Ingeniería,Ingeniería de Sistemas y Computación (Nocturno),12,102 a 112
26,Graduado,10,2010-2,36,Pregrado,Profesional,Ingeniería,Ingeniería Electrónica (Nocturno),10,102 a 112
103,Graduado,11,2011-1,28,Pregrado,Profesional,Ingeniería,Ingeniería de Sistemas y Computación,10,111 a 121
18,Graduado,13,2012-1,37,Pregrado,Profesional,Ingeniería,Ingeniería de Sistemas y Computación (Nocturno),12,121 a 131
14,Graduado,13,2012-1,34,Pregrado,Profesional,Ingeniería,Ingeniería Física,10,121 a 131
22,Permanece programa,25,2018-1,FV28,Pregrado,Profesional,Ingeniería,Ingeniería de Sistemas y Computación (Básicos ingeniería),10,181 a 191
8,Graduado,26,2018-2,DV,Posgrado,Doctorado,Ingeniería,Doctorado en Ingeniería,7,182 a 192
1,Cambio de programa,26,2018-2,FV28,Pregrado,Profesional,Ingeniería,Ingeniería de Sistemas y Computación (Básicos ingeniería),10,182 a 192
771,Permanece programa,27,2019-1,12,Pregrado,Profesional,Ingeniería,Ingeniería Eléctrica,10,191 a 201
27,No matriculado,28,2019-2,37,Pregrado,Profesional,Ingeniería,Ingeniería de Sistemas y Computación (Nocturno),12,192 a 202
54,Permanece programa,28,2019-2,AY,Posgrado,Maestría,Ingeniería,Maestría en Ingeniería de Sistemas y Computación,4,192 a 202
30,Permanece programa,29,2020-1,28C,Pregrado,Profesional,Ingeniería,Ingeniería de Sistemas y Computación (Convenio Cuba),10,201 a 211
30,Permanece programa,30,2020-2,36,Pregrado,Profesional,Ingeniería,Ingeniería Electrónica (Nocturno),10,202 a 212
5,Graduado,22,2016-2,DV,Posgrado,Doctorado,Ingeniería,Doctorado en Ingeniería,7,162 a 172
21,No matriculado,22,2016-2,36,Pregrado,Profesional,Ingeniería,Ingeniería Electrónica (Nocturno),10,162 a 172
29,Permanece programa,24,2017-2,DV,Posgrado,Doctorado,Ingeniería,Doctorado en Ingeniería,7,172 a 182
4,Cambio de programa,24,2017-2,34,Pregrado,Profesional,Ingeniería,Ingeniería Física,10,172 a 182
17,No matriculado,25,2018-1,FI,Pregrado,Profesional,Ingeniería,Ingeniería Electrónica (Diurna),10,181 a 191
7,No matriculado,27,2019-1,AY,Posgrado,Maestría,Ingeniería,Maestría en Ingeniería de Sistemas y Computación,4,191 a 201
9,Cambio de programa,27,2019-1,28,Pregrado,Profesional,Ingeniería,Ingeniería de Sistemas y Computación,10,191 a 201
286,Permanece programa,30,2020-2,34,Pregrado,Profesional,Ingeniería,Ingeniería Física,10,202 a 212
5,Cambio de programa,1,2006-1,36,Pregrado,Profesional,Ingeniería,Ingeniería Electrónica (Nocturno),10,061 a 071
66,Graduado,4,2007-2,12,Pregrado,Profesional,Ingeniería,Ingeniería Eléctrica,10,072 a 082
6,Cambio de programa,8,2009-2,37,Pregrado,Profesional,Ingeniería,Ingeniería de Sistemas y Computación (Nocturno),12,092 a 102
11,Cambio de programa,9,2010-1,34,Pregrado,Profesional,Ingeniería,Ingeniería Física,10,101 a 111
1,Cambio de programa,10,2010-2,AT,Posgrado,Especialización,Ingeniería,Especialización en Electrónica Digital,2,102 a 112
49,No matriculado,11,2011-1,37,Pregrado,Profesional,Ingeniería,Ingeniería de Sistemas y Computación (Nocturno),12,111 a 121
8,Graduado,11,2011-1,47,Posgrado,Maestría,Ingeniería,Maestría en Ingeniería Eléctrica,4,111 a 121
12,Cambio de programa,14,2012-2,28,Pregrado,Profesional,Ingeniería,Ingeniería de Sistemas y Computación,10,122 a 132
76,Graduado,15,2013-1,12,Pregrado,Profesional,Ingeniería,Ingeniería Eléctrica,10,131 a 141
43,No matriculado,15,2013-1,28,Pregrado,Profesional,Ingeniería,Ingeniería de Sistemas y Computación,10,131 a 141
20,Permanece programa,15,2013-1,47,Posgrado,Maestría,Ingeniería,Maestría en Ingeniería Eléctrica,4,131 a 141
18,Permanece programa,16,2013-2,DV,Posgrado,Doctorado,Ingeniería,Doctorado en Ingeniería,7,132 a 142
33,Permanece programa,17,2014-1,47,Posgrado,Maestría,Ingeniería,Maestría en Ingeniería Eléctrica,4,141 a 151
9,Graduado,18,2014-2,AZ,Posgrado,Especialización,Ingeniería,Especialización en Redes de Datos,2,142 a 152
5,No matriculado,18,2014-2,47,Posgrado,Maestría,Ingeniería,Maestría en Ingeniería Eléctrica,4,142 a 152
35,Graduado,19,2015-1,36,Pregrado,Profesional,Ingeniería,Ingeniería Electrónica (Nocturno),10,151 a 161
9,Cambio de programa,19,2015-1,36,Pregrado,Profesional,Ingeniería,Ingeniería Electrónica (Nocturno),10,151 a 161
98,Permanece programa,25,2018-1,FI,Pregrado,Profesional,Ingeniería,Ingeniería Electrónica (Diurna),10,181 a 191
85,Graduado,27,2019-1,28,Pregrado,Profesional,Ingeniería,Ingeniería de Sistemas y Computación,10,191 a 201
11,Graduado,28,2019-2,DV,Posgrado,Doctorado,Ingeniería,Doctorado en Ingeniería,7,192 a 202
51,Permanece programa,28,2019-2,36,Pregrado,Profesional,Ingeniería,Ingeniería Electrónica (Nocturno),10,192 a 202
31,Permanece programa,28,2019-2,28C,Pregrado,Profesional,Ingeniería,Ingeniería de Sistemas y Computación (Convenio Cuba),10,192 a 202
4,Cambio de programa,28,2019-2,FI,Pregrado,Profesional,Ingeniería,Ingeniería Electrónica (Diurna),10,192 a 202
6,Permanece programa,30,2020-2,AZ,Posgrado,Especialización,Ingeniería,Especialización en Redes de Datos,2,202 a 212
6,Graduado,2,2006-2,47,Posgrado,Maestría,Ingeniería,Maestría en Ingeniería Eléctrica,4,062 a 072
4,Cambio de programa,2,2006-2,36,Pregrado,Profesional,Ingeniería,Ingeniería Electrónica (Nocturno),10,062 a 072
15,Cambio de programa,3,2007-1,12,Pregrado,Profesional,Ingeniería,Ingeniería Eléctrica,10,071 a 081
40,Permanece programa,5,2008-1,47,Posgrado,Maestría,Ingeniería,Maestría en Ingeniería Eléctrica,4,081 a 091
4,Permanece programa,7,2009-1,AZ,Posgrado,Especialización,Ingeniería,Especialización en Redes de Datos,2,091 a 101
17,Permanece programa,10,2010-2,AZ,Posgrado,Especialización,Ingeniería,Especialización en Redes de Datos,2,102 a 112
25,Permanece programa,10,2010-2,AY,Posgrado,Maestría,Ingeniería,Maestría en Ingeniería de Sistemas y Computación,4,102 a 112
19,Graduado,11,2011-1,34,Pregrado,Profesional,Ingeniería,Ingeniería Física,10,111 a 121
7,Cambio de programa,12,2011-2,34,Pregrado,Profesional,Ingeniería,Ingeniería Física,10,112 a 122
65,Graduado,13,2012-1,28,Pregrado,Profesional,Ingeniería,Ingeniería de Sistemas y Computación,10,121 a 131
6,Cambio de programa,14,2012-2,36,Pregrado,Profesional,Ingeniería,Ingeniería Electrónica (Nocturno),10,122 a 132
14,Permanece programa,15,2013-1,DV,Posgrado,Doctorado,Ingeniería,Doctorado en Ingeniería,7,131 a 141
7,Cambio de programa,16,2013-2,28,Pregrado,Profesional,Ingeniería,Ingeniería de Sistemas y Computación,10,132 a 142
11,No matriculado,19,2015-1,34,Pregrado,Profesional,Ingeniería,Ingeniería Física,10,151 a 161
24,Permanece programa,20,2015-2,DV,Posgrado,Doctorado,Ingeniería,Doctorado en Ingeniería,7,152 a 162
50,Graduado,20,2015-2,34,Pregrado,Profesional,Ingeniería,Ingeniería Física,10,152 a 162
10,Graduado,22,2016-2,AY,Posgrado,Maestría,Ingeniería,Maestría en Ingeniería de Sistemas y Computación,4,162 a 172
35,No matriculado,22,2016-2,34,Pregrado,Profesional,Ingeniería,Ingeniería Física,10,162 a 172
17,Cambio de programa,22,2016-2,28,Pregrado,Profesional,Ingeniería,Ingeniería de Sistemas y Computación,10,162 a 172
144,Permanece programa,23,2017-1,36,Pregrado,Profesional,Ingeniería,Ingeniería Electrónica (Nocturno),10,171 a 181
17,No matriculado,23,2017-1,36,Pregrado,Profesional,Ingeniería,Ingeniería Electrónica (Nocturno),10,171 a 181
36,Permanece programa,24,2017-2,AY,Posgrado,Maestría,Ingeniería,Maestría en Ingeniería de Sistemas y Computación,4,172 a 182
19,Graduado,24,2017-2,AY,Posgrado,Maestría,Ingeniería,Maestría en Ingeniería de Sistemas y Computación,4,172 a 182
570,Permanece programa,26,2018-2,28,Pregrado,Profesional,Ingeniería,Ingeniería de Sistemas y Computación,10,182 a 192
8,Cambio de programa,26,2018-2,12,Pregrado,Profesional,Ingeniería,Ingeniería Eléctrica,10,182 a 192
151,Graduado,28,2019-2,12,Pregrado,Profesional,Ingeniería,Ingeniería Eléctrica,10,192 a 202
33,No matriculado,28,2019-2,12,Pregrado,Profesional,Ingeniería,Ingeniería Eléctrica,10,192 a 202
27,Graduado,28,2019-2,37,Pregrado,Profesional,Ingeniería,Ingeniería de Sistemas y Computación (Nocturno),12,192 a 202
16,No matriculado,29,2020-1,37,Pregrado,Profesional,Ingeniería,Ingeniería de Sistemas y Computación (Nocturno),12,201 a 211
7,Cambio de programa,29,2020-1,12,Pregrado,Profesional,Ingeniería,Ingeniería Eléctrica,10,201 a 211
10,No matriculado,30,2020-2,TS,Pregrado,Tecnológica,Ingeniería,Tecnología en Desarrollo de Software,6,202 a 212
12,Graduado,3,2007-1,34,Pregrado,Profesional,Ingeniería,Ingeniería Física,10,071 a 081
610,Permanece programa,7,2009-1,12,Pregrado,Profesional,Ingeniería,Ingeniería Eléctrica,10,091 a 101
8,No matriculado,9,2010-1,47,Posgrado,Maestría,Ingeniería,Maestría en Ingeniería Eléctrica,4,101 a 111
18,Cambio de programa,9,2010-1,28,Pregrado,Profesional,Ingeniería,Ingeniería de Sistemas y Computación,10,101 a 111
6,Cambio de programa,11,2011-1,12,Pregrado,Profesional,Ingeniería,Ingeniería Eléctrica,10,111 a 121
10,Graduado,12,2011-2,47,Posgrado,Maestría,Ingeniería,Maestría en Ingeniería Eléctrica,4,112 a 122
539,Permanece programa,13,2012-1,28,Pregrado,Profesional,Ingeniería,Ingeniería de Sistemas y Computación,10,121 a 131
14,Graduado,14,2012-2,47,Posgrado,Maestría,Ingeniería,Maestría en Ingeniería Eléctrica,4,122 a 132
13,Cambio de programa,15,2013-1,36,Pregrado,Profesional,Ingeniería,Ingeniería Electrónica (Nocturno),10,131 a 141
853,Permanece programa,16,2013-2,12,Pregrado,Profesional,Ingeniería,Ingeniería Eléctrica,10,132 a 142
22,Graduado,16,2013-2,47,Posgrado,Maestría,Ingeniería,Maestría en Ingeniería Eléctrica,4,132 a 142
2,Cambio de programa,16,2013-2,34,Pregrado,Profesional,Ingeniería,Ingeniería Física,10,132 a 142
24,Permanece programa,17,2014-1,DV,Posgrado,Doctorado,Ingeniería,Doctorado en Ingeniería,7,141 a 151
14,Cambio de programa,17,2014-1,34,Pregrado,Profesional,Ingeniería,Ingeniería Física,10,141 a 151
103,Graduado,18,2014-2,28,Pregrado,Profesional,Ingeniería,Ingeniería de Sistemas y Computación,10,142 a 152
7,Graduado,19,2015-1,AZ,Posgrado,Especialización,Ingeniería,Especialización en Redes de Datos,2,151 a 161
24,Permanece programa,19,2015-1,DV,Posgrado,Doctorado,Ingeniería,Doctorado en Ingeniería,7,151 a 161
1,Graduado,20,2015-2,DV,Posgrado,Doctorado,Ingeniería,Doctorado en Ingeniería,7,152 a 162
30,No matriculado,21,2016-1,34,Pregrado,Profesional,Ingeniería,Ingeniería Física,10,161 a 171
42,No matriculado,22,2016-2,12,Pregrado,Profesional,Ingeniería,Ingeniería Eléctrica,10,162 a 172
286,Permanece programa,23,2017-1,34,Pregrado,Profesional,Ingeniería,Ingeniería Física,10,171 a 181
35,Graduado,23,2017-1,34,Pregrado,Profesional,Ingeniería,Ingeniería Física,10,171 a 181
4,No matriculado,23,2017-1,FV28,Pregrado,Profesional,Ingeniería,Ingeniería de Sistemas y Computación (Básicos ingeniería),10,171 a 181
59,No matriculado,25,2018-1,12,Pregrado,Profesional,Ingeniería,Ingeniería Eléctrica,10,181 a 191
34,Permanece programa,8,2009-2,47,Posgrado,Maestría,Ingeniería,Maestría en Ingeniería Eléctrica,4,092 a 102
57,No matriculado,9,2010-1,28,Pregrado,Profesional,Ingeniería,Ingeniería de Sistemas y Computación,10,101 a 111
646,Permanece programa,11,2011-1,12,Pregrado,Profesional,Ingeniería,Ingeniería Eléctrica,10,111 a 121
28,No matriculado,11,2011-1,36,Pregrado,Profesional,Ingeniería,Ingeniería Electrónica (Nocturno),10,111 a 121
33,No matriculado,13,2012-1,28,Pregrado,Profesional,Ingeniería,Ingeniería de Sistemas y Computación,10,121 a 131
33,Graduado,3,2007-1,12,Pregrado,Profesional,Ingeniería,Ingeniería Eléctrica,10,071 a 081
7,Graduado,3,2007-1,47,Posgrado,Maestría,Ingeniería,Maestría en Ingeniería Eléctrica,4,071 a 081
16,Cambio de programa,3,2007-1,34,Pregrado,Profesional,Ingeniería,Ingeniería Física,10,071 a 081
186,Permanece programa,5,2008-1,34,Pregrado,Profesional,Ingeniería,Ingeniería Física,10,081 a 091
32,No matriculado,5,2008-1,34,Pregrado,Profesional,Ingeniería,Ingeniería Física,10,081 a 091
15,Permanece programa,8,2009-2,AZ,Posgrado,Especialización,Ingeniería,Especialización en Redes de Datos,2,092 a 102
67,Graduado,9,2010-1,28,Pregrado,Profesional,Ingeniería,Ingeniería de Sistemas y Computación,10,101 a 111
31,Graduado,9,2010-1,34,Pregrado,Profesional,Ingeniería,Ingeniería Física,10,101 a 111
10,Cambio de programa,9,2010-1,37,Pregrado,Profesional,Ingeniería,Ingeniería de Sistemas y Computación (Nocturno),12,101 a 111
527,Permanece programa,11,2011-1,28,Pregrado,Profesional,Ingeniería,Ingeniería de Sistemas y Computación,10,111 a 121
30,Permanece programa,16,2013-2,47,Posgrado,Maestría,Ingeniería,Maestría en Ingeniería Eléctrica,4,132 a 142
2,Graduado,17,2014-1,AZ,Posgrado,Especialización,Ingeniería,Especialización en Redes de Datos,2,141 a 151
116,Graduado,23,2017-1,12,Pregrado,Profesional,Ingeniería,Ingeniería Eléctrica,10,171 a 181
8,Graduado,24,2017-2,DV,Posgrado,Doctorado,Ingeniería,Doctorado en Ingeniería,7,172 a 182
39,Permanece programa,24,2017-2,47,Posgrado,Maestría,Ingeniería,Maestría en Ingeniería Eléctrica,4,172 a 182
43,Permanece programa,25,2018-1,AY,Posgrado,Maestría,Ingeniería,Maestría en Ingeniería de Sistemas y Computación,4,181 a 191
1,No matriculado,25,2018-1,DV,Posgrado,Doctorado,Ingeniería,Doctorado en Ingeniería,7,181 a 191
27,Graduado,26,2018-2,47,Posgrado,Maestría,Ingeniería,Maestría en Ingeniería Eléctrica,4,182 a 192
5,No matriculado,26,2018-2,FV12,Pregrado,Profesional,Ingeniería,Ingeniería Eléctrica (Básicos ingeniería),10,182 a 192
1,Cambio de programa,26,2018-2,FV12,Pregrado,Profesional,Ingeniería,Ingeniería Eléctrica (Básicos ingeniería),10,182 a 192
3,Cambio de programa,27,2019-1,TS,Pregrado,Tecnológica,Ingeniería,Tecnología en Desarrollo de Software,6,191 a 201
23,Permanece programa,30,2020-2,DV,Posgrado,Doctorado,Ingeniería,Doctorado en Ingeniería,7,202 a 212
18,Graduado,30,2020-2,47,Posgrado,Maestría,Ingeniería,Maestría en Ingeniería Eléctrica,4,202 a 212
523,Permanece programa,2,2006-2,28,Pregrado,Profesional,Ingeniería,Ingeniería de Sistemas y Computación,10,062 a 072
101,Graduado,4,2007-2,28,Pregrado,Profesional,Ingeniería,Ingeniería de Sistemas y Computación,10,072 a 082
148,Permanece programa,4,2007-2,34,Pregrado,Profesional,Ingeniería,Ingeniería Física,10,072 a 082
16,Cambio de programa,5,2008-1,37,Pregrado,Profesional,Ingeniería,Ingeniería de Sistemas y Computación (Nocturno),12,081 a 091
124,Graduado,6,2008-2,12,Pregrado,Profesional,Ingeniería,Ingeniería Eléctrica,10,082 a 092
4,Cambio de programa,10,2010-2,34,Pregrado,Profesional,Ingeniería,Ingeniería Física,10,102 a 112
6,Permanece programa,10,2010-2,AT,Posgrado,Especialización,Ingeniería,Especialización en Electrónica Digital,2,102 a 112
3,Permanece programa,13,2012-1,AZ,Posgrado,Especialización,Ingeniería,Especialización en Redes de Datos,2,121 a 131
35,No matriculado,13,2012-1,36,Pregrado,Profesional,Ingeniería,Ingeniería Electrónica (Nocturno),10,121 a 131
24,Graduado,13,2012-1,36,Pregrado,Profesional,Ingeniería,Ingeniería Electrónica (Nocturno),10,121 a 131
32,No matriculado,14,2012-2,37,Pregrado,Profesional,Ingeniería,Ingeniería de Sistemas y Computación (Nocturno),12,122 a 132
7,Cambio de programa,14,2012-2,37,Pregrado,Profesional,Ingeniería,Ingeniería de Sistemas y Computación (Nocturno),12,122 a 132
8,Cambio de programa,19,2015-1,34,Pregrado,Profesional,Ingeniería,Ingeniería Física,10,151 a 161
15,Cambio de programa,21,2016-1,28,Pregrado,Profesional,Ingeniería,Ingeniería de Sistemas y Computación,10,161 a 171
15,Cambio de programa,23,2017-1,12,Pregrado,Profesional,Ingeniería,Ingeniería Eléctrica,10,171 a 181
8,Cambio de programa,23,2017-1,FI,Pregrado,Profesional,Ingeniería,Ingeniería Electrónica (Diurna),10,171 a 181
2,Cambio de programa,23,2017-1,28C,Pregrado,Profesional,Ingeniería,Ingeniería de Sistemas y Computación (Convenio Cuba),10,171 a 181
3,Cambio de programa,24,2017-2,37,Pregrado,Profesional,Ingeniería,Ingeniería de Sistemas y Computación (Nocturno),12,172 a 182
31,Graduado,25,2018-1,36,Pregrado,Profesional,Ingeniería,Ingeniería Electrónica (Nocturno),10,181 a 191
724,Permanece programa,26,2018-2,12,Pregrado,Profesional,Ingeniería,Ingeniería Eléctrica,10,182 a 192
49,No matriculado,27,2019-1,28,Pregrado,Profesional,Ingeniería,Ingeniería de Sistemas y Computación,10,191 a 201
290,Permanece programa,29,2020-1,34,Pregrado,Profesional,Ingeniería,Ingeniería Física,10,201 a 211
9,No matriculado,29,2020-1,FI,Pregrado,Profesional,Ingeniería,Ingeniería Electrónica (Diurna),10,201 a 211
1,No matriculado,29,2020-1,36,Pregrado,Profesional,Ingeniería,Ingeniería Electrónica (Nocturno),10,201 a 211
24,Graduado,30,2020-2,36,Pregrado,Profesional,Ingeniería,Ingeniería Electrónica (Nocturno),10,202 a 212
18,No matriculado,1,2006-1,34,Pregrado,Profesional,Ingeniería,Ingeniería Física,10,061 a 071
55,Graduado,1,2006-1,28,Pregrado,Profesional,Ingeniería,Ingeniería de Sistemas y Computación,10,061 a 071
33,No matriculado,2,2006-2,28,Pregrado,Profesional,Ingeniería,Ingeniería de Sistemas y Computación,10,062 a 072
595,Permanece programa,3,2007-1,12,Pregrado,Profesional,Ingeniería,Ingeniería Eléctrica,10,071 a 081
27,No matriculado,6,2008-2,12,Pregrado,Profesional,Ingeniería,Ingeniería Eléctrica,10,082 a 092
542,Permanece programa,9,2010-1,28,Pregrado,Profesional,Ingeniería,Ingeniería de Sistemas y Computación,10,101 a 111
601,Permanece programa,9,2010-1,12,Pregrado,Profesional,Ingeniería,Ingeniería Eléctrica,10,101 a 111
36,No matriculado,10,2010-2,12,Pregrado,Profesional,Ingeniería,Ingeniería Eléctrica,10,102 a 112
6,Permanece programa,12,2011-2,DV,Posgrado,Doctorado,Ingeniería,Doctorado en Ingeniería,7,112 a 122
15,Cambio de programa,12,2011-2,12,Pregrado,Profesional,Ingeniería,Ingeniería Eléctrica,10,112 a 122
14,No matriculado,12,2011-2,34,Pregrado,Profesional,Ingeniería,Ingeniería Física,10,112 a 122
715,Permanece programa,13,2012-1,12,Pregrado,Profesional,Ingeniería,Ingeniería Eléctrica,10,121 a 131
2,Cambio de programa,13,2012-1,AZ,Posgrado,Especialización,Ingeniería,Especialización en Redes de Datos,2,121 a 131
10,No matriculado,14,2012-2,47,Posgrado,Maestría,Ingeniería,Maestría en Ingeniería Eléctrica,4,122 a 132
53,No matriculado,15,2013-1,12,Pregrado,Profesional,Ingeniería,Ingeniería Eléctrica,10,131 a 141
1,No matriculado,15,2013-1,DV,Posgrado,Doctorado,Ingeniería,Doctorado en Ingeniería,7,131 a 141
46,Permanece programa,18,2014-2,AY,Posgrado,Maestría,Ingeniería,Maestría en Ingeniería de Sistemas y Computación,4,142 a 152
6,No matriculado,20,2015-2,47,Posgrado,Maestría,Ingeniería,Maestría en Ingeniería Eléctrica,4,152 a 162
268,Permanece programa,21,2016-1,34,Pregrado,Profesional,Ingeniería,Ingeniería Física,10,161 a 171
12,Graduado,21,2016-1,47,Posgrado,Maestría,Ingeniería,Maestría en Ingeniería Eléctrica,4,161 a 171
1,Graduado,21,2016-1,DV,Posgrado,Doctorado,Ingeniería,Doctorado en Ingeniería,7,161 a 171
3,Graduado,21,2016-1,AY,Posgrado,Maestría,Ingeniería,Maestría en Ingeniería de Sistemas y Computación,4,161 a 171
609,Permanece programa,23,2017-1,28,Pregrado,Profesional,Ingeniería,Ingeniería de Sistemas y Computación,10,171 a 181
11,Graduado,23,2017-1,47,Posgrado,Maestría,Ingeniería,Maestría en Ingeniería Eléctrica,4,171 a 181
41,Permanece programa,23,2017-1,28C,Pregrado,Profesional,Ingeniería,Ingeniería de Sistemas y Computación (Convenio Cuba),10,171 a 181
118,Permanece programa,24,2017-2,36,Pregrado,Profesional,Ingeniería,Ingeniería Electrónica (Nocturno),10,172 a 182
34,Graduado,24,2017-2,36,Pregrado,Profesional,Ingeniería,Ingeniería Electrónica (Nocturno),10,172 a 182
606,Permanece programa,25,2018-1,28,Pregrado,Profesional,Ingeniería,Ingeniería de Sistemas y Computación,10,181 a 191
15,Graduado,27,2019-1,AY,Posgrado,Maestría,Ingeniería,Maestría en Ingeniería de Sistemas y Computación,4,191 a 201
8,Graduado,27,2019-1,DV,Posgrado,Doctorado,Ingeniería,Doctorado en Ingeniería,7,191 a 201
20,Permanece programa,27,2019-1,TS,Pregrado,Tecnológica,Ingeniería,Tecnología en Desarrollo de Software,6,191 a 201
7,Cambio de programa,28,2019-2,28,Pregrado,Profesional,Ingeniería,Ingeniería de Sistemas y Computación,10,192 a 202
3,No matriculado,28,2019-2,28C,Pregrado,Profesional,Ingeniería,Ingeniería de Sistemas y Computación (Convenio Cuba),10,192 a 202
1,Graduado,30,2020-2,AT,Posgrado,Especialización,Ingeniería,Especialización en Electrónica Digital,2,202 a 212
14,Cambio de programa,1,2006-1,12,Pregrado,Profesional,Ingeniería,Ingeniería Eléctrica,10,061 a 071
39,No matriculado,1,2006-1,37,Pregrado,Profesional,Ingeniería,Ingeniería de Sistemas y Computación (Nocturno),12,061 a 071
570,Permanece programa,6,2008-2,12,Pregrado,Profesional,Ingeniería,Ingeniería Eléctrica,10,082 a 092
1,Graduado,6,2008-2,37,Pregrado,Profesional,Ingeniería,Ingeniería de Sistemas y Computación (Nocturno),12,082 a 092
2,Graduado,6,2008-2,36,Pregrado,Profesional,Ingeniería,Ingeniería Electrónica (Nocturno),10,082 a 092
14,No matriculado,6,2008-2,34,Pregrado,Profesional,Ingeniería,Ingeniería Física,10,082 a 092
207,Permanece programa,7,2009-1,37,Pregrado,Profesional,Ingeniería,Ingeniería de Sistemas y Computación (Nocturno),12,091 a 101
37,Permanece programa,7,2009-1,47,Posgrado,Maestría,Ingeniería,Maestría en Ingeniería Eléctrica,4,091 a 101
42,No matriculado,3,2007-1,37,Pregrado,Profesional,Ingeniería,Ingeniería de Sistemas y Computación (Nocturno),12,071 a 081
52,No matriculado,4,2007-2,37,Pregrado,Profesional,Ingeniería,Ingeniería de Sistemas y Computación (Nocturno),12,072 a 082
195,Permanece programa,7,2009-1,34,Pregrado,Profesional,Ingeniería,Ingeniería Física,10,091 a 101
46,No matriculado,8,2009-2,36,Pregrado,Profesional,Ingeniería,Ingeniería Electrónica (Nocturno),10,092 a 102
39,No matriculado,1,2006-1,12,Pregrado,Profesional,Ingeniería,Ingeniería Eléctrica,10,061 a 071
11,No matriculado,2,2006-2,34,Pregrado,Profesional,Ingeniería,Ingeniería Física,10,062 a 072
11,Cambio de programa,6,2008-2,12,Pregrado,Profesional,Ingeniería,Ingeniería Eléctrica,10,082 a 092
534,Permanece programa,7,2009-1,28,Pregrado,Profesional,Ingeniería,Ingeniería de Sistemas y Computación,10,091 a 101
62,No matriculado,7,2009-1,37,Pregrado,Profesional,Ingeniería,Ingeniería de Sistemas y Computación (Nocturno),12,091 a 101
24,Cambio de programa,9,2010-1,36,Pregrado,Profesional,Ingeniería,Ingeniería Electrónica (Nocturno),10,101 a 111
176,Permanece programa,10,2010-2,34,Pregrado,Profesional,Ingeniería,Ingeniería Física,10,102 a 112
47,No matriculado,10,2010-2,36,Pregrado,Profesional,Ingeniería,Ingeniería Electrónica (Nocturno),10,102 a 112
76,Graduado,11,2011-1,12,Pregrado,Profesional,Ingeniería,Ingeniería Eléctrica,10,111 a 121
38,Permanece programa,12,2011-2,AY,Posgrado,Maestría,Ingeniería,Maestría en Ingeniería de Sistemas y Computación,4,112 a 122
229,Permanece programa,13,2012-1,36,Pregrado,Profesional,Ingeniería,Ingeniería Electrónica (Nocturno),10,121 a 131
19,Graduado,14,2012-2,37,Pregrado,Profesional,Ingeniería,Ingeniería de Sistemas y Computación (Nocturno),12,122 a 132
36,Permanece programa,15,2013-1,AY,Posgrado,Maestría,Ingeniería,Maestría en Ingeniería de Sistemas y Computación,4,131 a 141
1,Cambio de programa,16,2013-2,37,Pregrado,Profesional,Ingeniería,Ingeniería de Sistemas y Computación (Nocturno),12,132 a 142
17,Graduado,17,2014-1,47,Posgrado,Maestría,Ingeniería,Maestría en Ingeniería Eléctrica,4,141 a 151
17,No matriculado,18,2014-2,37,Pregrado,Profesional,Ingeniería,Ingeniería de Sistemas y Computación (Nocturno),12,142 a 152
42,No matriculado,18,2014-2,12,Pregrado,Profesional,Ingeniería,Ingeniería Eléctrica,10,142 a 152
24,Permanece programa,18,2014-2,47,Posgrado,Maestría,Ingeniería,Maestría en Ingeniería Eléctrica,4,142 a 152
36,No matriculado,19,2015-1,12,Pregrado,Profesional,Ingeniería,Ingeniería Eléctrica,10,151 a 161
17,Cambio de programa,19,2015-1,28,Pregrado,Profesional,Ingeniería,Ingeniería de Sistemas y Computación,10,151 a 161
37,Graduado,21,2016-1,36,Pregrado,Profesional,Ingeniería,Ingeniería Electrónica (Nocturno),10,161 a 171
263,Permanece programa,22,2016-2,34,Pregrado,Profesional,Ingeniería,Ingeniería Física,10,162 a 172
37,No matriculado,23,2017-1,12,Pregrado,Profesional,Ingeniería,Ingeniería Eléctrica,10,171 a 181
107,Graduado,24,2017-2,28,Pregrado,Profesional,Ingeniería,Ingeniería de Sistemas y Computación,10,172 a 182
9,No matriculado,24,2017-2,47,Posgrado,Maestría,Ingeniería,Maestría en Ingeniería Eléctrica,4,172 a 182
6,No matriculado,25,2018-1,AY,Posgrado,Maestría,Ingeniería,Maestría en Ingeniería de Sistemas y Computación,4,181 a 191
660,Permanece programa,29,2020-1,28,Pregrado,Profesional,Ingeniería,Ingeniería de Sistemas y Computación,10,201 a 211
4,Permanece programa,29,2020-1,AT,Posgrado,Especialización,Ingeniería,Especialización en Electrónica Digital,2,201 a 211
3,Cambio de programa,29,2020-1,37,Pregrado,Profesional,Ingeniería,Ingeniería de Sistemas y Computación (Nocturno),12,201 a 211
48,Graduado,30,2020-2,34,Pregrado,Profesional,Ingeniería,Ingeniería Física,10,202 a 212
20,No matriculado,30,2020-2,FI,Pregrado,Profesional,Ingeniería,Ingeniería Electrónica (Diurna),10,202 a 212
544,Permanece programa,1,2006-1,12,Pregrado,Profesional,Ingeniería,Ingeniería Eléctrica,10,061 a 071
25,No matriculado,1,2006-1,28,Pregrado,Profesional,Ingeniería,Ingeniería de Sistemas y Computación,10,061 a 071
60,Graduado,2,2006-2,28,Pregrado,Profesional,Ingeniería,Ingeniería de Sistemas y Computación,10,062 a 072
505,Permanece programa,4,2007-2,28,Pregrado,Profesional,Ingeniería,Ingeniería de Sistemas y Computación,10,072 a 082
49,No matriculado,5,2008-1,28,Pregrado,Profesional,Ingeniería,Ingeniería de Sistemas y Computación,10,081 a 091
2,Graduado,8,2009-2,37,Pregrado,Profesional,Ingeniería,Ingeniería de Sistemas y Computación (Nocturno),12,092 a 102
214,Permanece programa,11,2011-1,37,Pregrado,Profesional,Ingeniería,Ingeniería de Sistemas y Computación (Nocturno),12,111 a 121
2,No matriculado,12,2011-2,AY,Posgrado,Maestría,Ingeniería,Maestría en Ingeniería de Sistemas y Computación,4,112 a 122
20,Cambio de programa,13,2012-1,28,Pregrado,Profesional,Ingeniería,Ingeniería de Sistemas y Computación,10,121 a 131
7,Permanece programa,13,2012-1,DV,Posgrado,Doctorado,Ingeniería,Doctorado en Ingeniería,7,121 a 131
24,Permanece programa,13,2012-1,47,Posgrado,Maestría,Ingeniería,Maestría en Ingeniería Eléctrica,4,121 a 131
12,Cambio de programa,13,2012-1,37,Pregrado,Profesional,Ingeniería,Ingeniería de Sistemas y Computación (Nocturno),12,121 a 131
1,No matriculado,15,2013-1,AT,Posgrado,Especialización,Ingeniería,Especialización en Electrónica Digital,2,131 a 141
210,Permanece programa,18,2014-2,37,Pregrado,Profesional,Ingeniería,Ingeniería de Sistemas y Computación (Nocturno),12,142 a 152
59,Permanece programa,19,2015-1,AY,Posgrado,Maestría,Ingeniería,Maestría en Ingeniería de Sistemas y Computación,4,151 a 161
37,No matriculado,20,2015-2,AY,Posgrado,Maestría,Ingeniería,Maestría en Ingeniería de Sistemas y Computación,4,152 a 162
8,Cambio de programa,20,2015-2,37,Pregrado,Profesional,Ingeniería,Ingeniería de Sistemas y Computación (Nocturno),12,152 a 162
15,Cambio de programa,21,2016-1,34,Pregrado,Profesional,Ingeniería,Ingeniería Física,10,161 a 171
7,Cambio de programa,21,2016-1,36,Pregrado,Profesional,Ingeniería,Ingeniería Electrónica (Nocturno),10,161 a 171
7,Cambio de programa,22,2016-2,34,Pregrado,Profesional,Ingeniería,Ingeniería Física,10,162 a 172
12,Cambio de programa,23,2017-1,34,Pregrado,Profesional,Ingeniería,Ingeniería Física,10,171 a 181
27,Permanece programa,23,2017-1,FV28,Pregrado,Profesional,Ingeniería,Ingeniería de Sistemas y Computación (Básicos ingeniería),10,171 a 181
279,Permanece programa,24,2017-2,34,Pregrado,Profesional,Ingeniería,Ingeniería Física,10,172 a 182
24,Permanece programa,24,2017-2,FV28,Pregrado,Profesional,Ingeniería,Ingeniería de Sistemas y Computación (Básicos ingeniería),10,172 a 182
1,No matriculado,24,2017-2,FV34,Pregrado,Profesional,Ingeniería,Ingeniería Física (Básicos ingenieria),10,172 a 182
12,Cambio de programa,27,2019-1,12,Pregrado,Profesional,Ingeniería,Ingeniería Eléctrica,10,191 a 201
30,No matriculado,28,2019-2,28,Pregrado,Profesional,Ingeniería,Ingeniería de Sistemas y Computación,10,192 a 202
7,Graduado,29,2020-1,DV,Posgrado,Doctorado,Ingeniería,Doctorado en Ingeniería,7,201 a 211
8,Cambio de programa,29,2020-1,28,Pregrado,Profesional,Ingeniería,Ingeniería de Sistemas y Computación,10,201 a 211
1,Cambio de programa,30,2020-2,AT,Posgrado,Especialización,Ingeniería,Especialización en Electrónica Digital,2,202 a 212
10,Cambio de programa,3,2007-1,37,Pregrado,Profesional,Ingeniería,Ingeniería de Sistemas y Computación (Nocturno),12,071 a 081
19,Graduado,5,2008-1,34,Pregrado,Profesional,Ingeniería,Ingeniería Física,10,081 a 091
125,Graduado,8,2009-2,12,Pregrado,Profesional,Ingeniería,Ingeniería Eléctrica,10,092 a 102
28,Graduado,10,2010-2,34,Pregrado,Profesional,Ingeniería,Ingeniería Física,10,102 a 112
20,Graduado,11,2011-1,37,Pregrado,Profesional,Ingeniería,Ingeniería de Sistemas y Computación (Nocturno),12,111 a 121
210,Permanece programa,13,2012-1,37,Pregrado,Profesional,Ingeniería,Ingeniería de Sistemas y Computación (Nocturno),12,121 a 131
41,No matriculado,13,2012-1,37,Pregrado,Profesional,Ingeniería,Ingeniería de Sistemas y Computación (Nocturno),12,121 a 131
20,Cambio de programa,17,2014-1,28,Pregrado,Profesional,Ingeniería,Ingeniería de Sistemas y Computación,10,141 a 151
2,Cambio de programa,18,2014-2,36,Pregrado,Profesional,Ingeniería,Ingeniería Electrónica (Nocturno),10,142 a 152
24,Graduado,20,2015-2,47,Posgrado,Maestría,Ingeniería,Maestría en Ingeniería Eléctrica,4,152 a 162
173,Permanece programa,22,2016-2,36,Pregrado,Profesional,Ingeniería,Ingeniería Electrónica (Nocturno),10,162 a 172
50,No matriculado,22,2016-2,28,Pregrado,Profesional,Ingeniería,Ingeniería de Sistemas y Computación,10,162 a 172
18,Graduado,25,2018-1,37,Pregrado,Profesional,Ingeniería,Ingeniería de Sistemas y Computación (Nocturno),12,181 a 191
40,No matriculado,25,2018-1,28,Pregrado,Profesional,Ingeniería,Ingeniería de Sistemas y Computación,10,181 a 191
13,Cambio de programa,27,2019-1,FI,Pregrado,Profesional,Ingeniería,Ingeniería Electrónica (Diurna),10,191 a 201
17,Cambio de programa,1,2006-1,34,Pregrado,Profesional,Ingeniería,Ingeniería Física,10,061 a 071
15,Cambio de programa,2,2006-2,34,Pregrado,Profesional,Ingeniería,Ingeniería Física,10,062 a 072
188,Permanece programa,3,2007-1,37,Pregrado,Profesional,Ingeniería,Ingeniería de Sistemas y Computación (Nocturno),12,071 a 081
6,Cambio de programa,22,2016-2,36,Pregrado,Profesional,Ingeniería,Ingeniería Electrónica (Nocturno),10,162 a 172
11,Graduado,22,2016-2,47,Posgrado,Maestría,Ingeniería,Maestría en Ingeniería Eléctrica,4,162 a 172
14,Graduado,23,2017-1,AY,Posgrado,Maestría,Ingeniería,Maestría en Ingeniería de Sistemas y Computación,4,171 a 181
19,Permanece programa,23,2017-1,FV12,Pregrado,Profesional,Ingeniería,Ingeniería Eléctrica (Básicos ingeniería),10,171 a 181
8,No matriculado,25,2018-1,36,Pregrado,Profesional,Ingeniería,Ingeniería Electrónica (Nocturno),10,181 a 191
27,Permanece programa,26,2018-2,DV,Posgrado,Doctorado,Ingeniería,Doctorado en Ingeniería,7,182 a 192
35,Permanece programa,26,2018-2,28C,Pregrado,Profesional,Ingeniería,Ingeniería de Sistemas y Computación (Convenio Cuba),10,182 a 192
287,Permanece programa,27,2019-1,34,Pregrado,Profesional,Ingeniería,Ingeniería Física,10,191 a 201
28,Permanece programa,27,2019-1,DV,Posgrado,Doctorado,Ingeniería,Doctorado en Ingeniería,7,191 a 201
3,Cambio de programa,27,2019-1,37,Pregrado,Profesional,Ingeniería,Ingeniería de Sistemas y Computación (Nocturno),12,191 a 201
1,Cambio de programa,28,2019-2,TS,Pregrado,Tecnológica,Ingeniería,Tecnología en Desarrollo de Software,6,192 a 202
1,No matriculado,29,2020-1,AZ,Posgrado,Especialización,Ingeniería,Especialización en Redes de Datos,2,201 a 211
40,Permanece programa,30,2020-2,AY,Posgrado,Maestría,Ingeniería,Maestría en Ingeniería de Sistemas y Computación,4,202 a 212
23,No matriculado,30,2020-2,AY,Posgrado,Maestría,Ingeniería,Maestría en Ingeniería de Sistemas y Computación,4,202 a 212
1,No matriculado,30,2020-2,28C,Pregrado,Profesional,Ingeniería,Ingeniería de Sistemas y Computación (Convenio Cuba),10,202 a 212
52,Graduado,2,2006-2,12,Pregrado,Profesional,Ingeniería,Ingeniería Eléctrica,10,062 a 072
22,Graduado,4,2007-2,34,Pregrado,Profesional,Ingeniería,Ingeniería Física,10,072 a 082
49,Graduado,7,2009-1,28,Pregrado,Profesional,Ingeniería,Ingeniería de Sistemas y Computación,10,091 a 101
9,Cambio de programa,9,2010-1,AZ,Posgrado,Especialización,Ingeniería,Especialización en Redes de Datos,2,101 a 111
11,Graduado,13,2012-1,47,Posgrado,Maestría,Ingeniería,Maestría en Ingeniería Eléctrica,4,121 a 131
16,Cambio de programa,14,2012-2,34,Pregrado,Profesional,Ingeniería,Ingeniería Física,10,122 a 132
539,Permanece programa,15,2013-1,28,Pregrado,Profesional,Ingeniería,Ingeniería de Sistemas y Computación,10,131 a 141
21,Graduado,15,2013-1,47,Posgrado,Maestría,Ingeniería,Maestría en Ingeniería Eléctrica,4,131 a 141
7,Permanece programa,16,2013-2,AZ,Posgrado,Especialización,Ingeniería,Especialización en Redes de Datos,2,132 a 142
23,Graduado,17,2014-1,37,Pregrado,Profesional,Ingeniería,Ingeniería de Sistemas y Computación (Nocturno),12,141 a 151
837,Permanece programa,18,2014-2,12,Pregrado,Profesional,Ingeniería,Ingeniería Eléctrica,10,142 a 152
22,Graduado,18,2014-2,37,Pregrado,Profesional,Ingeniería,Ingeniería de Sistemas y Computación (Nocturno),12,142 a 152
5,Graduado,20,2015-2,AY,Posgrado,Maestría,Ingeniería,Maestría en Ingeniería de Sistemas y Computación,4,152 a 162
12,Cambio de programa,20,2015-2,34,Pregrado,Profesional,Ingeniería,Ingeniería Física,10,152 a 162
83,Graduado,21,2016-1,28,Pregrado,Profesional,Ingeniería,Ingeniería de Sistemas y Computación,10,161 a 171
1,Cambio de programa,22,2016-2,DV,Posgrado,Doctorado,Ingeniería,Doctorado en Ingeniería,7,162 a 172
15,No matriculado,23,2017-1,FI,Pregrado,Profesional,Ingeniería,Ingeniería Electrónica (Diurna),10,171 a 181
19,Graduado,26,2018-2,37,Pregrado,Profesional,Ingeniería,Ingeniería de Sistemas y Computación (Nocturno),12,182 a 192
6,No matriculado,26,2018-2,AY,Posgrado,Maestría,Ingeniería,Maestría en Ingeniería de Sistemas y Computación,4,182 a 192
4,Cambio de programa,26,2018-2,37,Pregrado,Profesional,Ingeniería,Ingeniería de Sistemas y Computación (Nocturno),12,182 a 192
22,Graduado,29,2020-1,47,Posgrado,Maestría,Ingeniería,Maestría en Ingeniería Eléctrica,4,201 a 211
1,Graduado,29,2020-1,FI,Pregrado,Profesional,Ingeniería,Ingeniería Electrónica (Diurna),10,201 a 211
218,Permanece programa,30,2020-2,FI,Pregrado,Profesional,Ingeniería,Ingeniería Electrónica (Diurna),10,202 a 212
39,No matriculado,30,2020-2,37,Pregrado,Profesional,Ingeniería,Ingeniería de Sistemas y Computación (Nocturno),12,202 a 212
8,Cambio de programa,30,2020-2,34,Pregrado,Profesional,Ingeniería,Ingeniería Física,10,202 a 212
3,Graduado,12,2011-2,AZ,Posgrado,Especialización,Ingeniería,Especialización en Redes de Datos,2,112 a 122
11,Cambio de programa,12,2011-2,28,Pregrado,Profesional,Ingeniería,Ingeniería de Sistemas y Computación,10,112 a 122
73,Graduado,14,2012-2,12,Pregrado,Profesional,Ingeniería,Ingeniería Eléctrica,10,122 a 132
21,Permanece programa,14,2012-2,47,Posgrado,Maestría,Ingeniería,Maestría en Ingeniería Eléctrica,4,122 a 132
14,Cambio de programa,14,2012-2,12,Pregrado,Profesional,Ingeniería,Ingeniería Eléctrica,10,122 a 132
200,Permanece programa,15,2013-1,36,Pregrado,Profesional,Ingeniería,Ingeniería Electrónica (Nocturno),10,131 a 141
26,Cambio de programa,17,2014-1,12,Pregrado,Profesional,Ingeniería,Ingeniería Eléctrica,10,141 a 151
8,Graduado,18,2014-2,AY,Posgrado,Maestría,Ingeniería,Maestría en Ingeniería de Sistemas y Computación,4,142 a 152
556,Permanece programa,18,2014-2,28,Pregrado,Profesional,Ingeniería,Ingeniería de Sistemas y Computación,10,142 a 152
25,Graduado,30,2020-2,37,Pregrado,Profesional,Ingeniería,Ingeniería de Sistemas y Computación (Nocturno),12,202 a 212
27,Permanece programa,30,2020-2,TS,Pregrado,Tecnológica,Ingeniería,Tecnología en Desarrollo de Software,6,202 a 212
32,No matriculado,1,2006-1,36,Pregrado,Profesional,Ingeniería,Ingeniería Electrónica (Nocturno),10,061 a 071
184,Permanece programa,1,2006-1,34,Pregrado,Profesional,Ingeniería,Ingeniería Física,10,061 a 071
4,Graduado,7,2009-1,47,Posgrado,Maestría,Ingeniería,Maestría en Ingeniería Eléctrica,4,091 a 101
6,Permanece programa,9,2010-1,AZ,Posgrado,Especialización,Ingeniería,Especialización en Redes de Datos,2,101 a 111
833,Permanece programa,19,2015-1,12,Pregrado,Profesional,Ingeniería,Ingeniería Eléctrica,10,151 a 161
202,Permanece programa,20,2015-2,36,Pregrado,Profesional,Ingeniería,Ingeniería Electrónica (Nocturno),10,152 a 162
19,No matriculado,20,2015-2,34,Pregrado,Profesional,Ingeniería,Ingeniería Física,10,152 a 162
7,Cambio de programa,22,2016-2,37,Pregrado,Profesional,Ingeniería,Ingeniería de Sistemas y Computación (Nocturno),12,162 a 172
15,Permanece programa,22,2016-2,FI,Pregrado,Profesional,Ingeniería,Ingeniería Electrónica (Diurna),10,162 a 172
790,Permanece programa,29,2020-1,12,Pregrado,Profesional,Ingeniería,Ingeniería Eléctrica,10,201 a 211
7,No matriculado,29,2020-1,34,Pregrado,Profesional,Ingeniería,Ingeniería Física,10,201 a 211
66,Permanece programa,30,2020-2,47,Posgrado,Maestría,Ingeniería,Maestría en Ingeniería Eléctrica,4,202 a 212
12,Cambio de programa,30,2020-2,28,Pregrado,Profesional,Ingeniería,Ingeniería de Sistemas y Computación,10,202 a 212
8,Cambio de programa,2,2006-2,37,Pregrado,Profesional,Ingeniería,Ingeniería de Sistemas y Computación (Nocturno),12,062 a 072
5,Cambio de programa,4,2007-2,36,Pregrado,Profesional,Ingeniería,Ingeniería Electrónica (Nocturno),10,072 a 082
13,Graduado,5,2008-1,47,Posgrado,Maestría,Ingeniería,Maestría en Ingeniería Eléctrica,4,081 a 091
265,Permanece programa,19,2015-1,34,Pregrado,Profesional,Ingeniería,Ingeniería Física,10,151 a 161
23,Permanece programa,19,2015-1,47,Posgrado,Maestría,Ingeniería,Maestría en Ingeniería Eléctrica,4,151 a 161
16,Graduado,21,2016-1,37,Pregrado,Profesional,Ingeniería,Ingeniería de Sistemas y Computación (Nocturno),12,161 a 171
23,Cambio de programa,21,2016-1,12,Pregrado,Profesional,Ingeniería,Ingeniería Eléctrica,10,161 a 171
34,No matriculado,13,2012-1,12,Pregrado,Profesional,Ingeniería,Ingeniería Eléctrica,10,121 a 131
88,Graduado,15,2013-1,28,Pregrado,Profesional,Ingeniería,Ingeniería de Sistemas y Computación,10,131 a 141
1,No matriculado,24,2017-2,28C,Pregrado,Profesional,Ingeniería,Ingeniería de Sistemas y Computación (Convenio Cuba),10,172 a 182
99,Permanece programa,25,2018-1,36,Pregrado,Profesional,Ingeniería,Ingeniería Electrónica (Nocturno),10,181 a 191
91,Graduado,25,2018-1,28,Pregrado,Profesional,Ingeniería,Ingeniería de Sistemas y Computación,10,181 a 191
51,Permanece programa,25,2018-1,47,Posgrado,Maestría,Ingeniería,Maestría en Ingeniería Eléctrica,4,181 a 191
277,Permanece programa,26,2018-2,34,Pregrado,Profesional,Ingeniería,Ingeniería Física,10,182 a 192
9,No matriculado,27,2019-1,47,Posgrado,Maestría,Ingeniería,Maestría en Ingeniería Eléctrica,4,191 a 201
1,No matriculado,27,2019-1,AZ,Posgrado,Especialización,Ingeniería,Especialización en Redes de Datos,2,191 a 201
4,Cambio de programa,27,2019-1,36,Pregrado,Profesional,Ingeniería,Ingeniería Electrónica (Nocturno),10,191 a 201
5,No matriculado,28,2019-2,TS,Pregrado,Tecnológica,Ingeniería,Tecnología en Desarrollo de Software,6,192 a 202
5,No matriculado,28,2019-2,FI,Pregrado,Profesional,Ingeniería,Ingeniería Electrónica (Diurna),10,192 a 202
74,Graduado,8,2009-2,28,Pregrado,Profesional,Ingeniería,Ingeniería de Sistemas y Computación,10,092 a 102
37,No matriculado,9,2010-1,36,Pregrado,Profesional,Ingeniería,Ingeniería Electrónica (Nocturno),10,101 a 111
16,Cambio de programa,10,2010-2,36,Pregrado,Profesional,Ingeniería,Ingeniería Electrónica (Nocturno),10,102 a 112
515,Permanece programa,12,2011-2,28,Pregrado,Profesional,Ingeniería,Ingeniería de Sistemas y Computación,10,112 a 122
187,Permanece programa,12,2011-2,34,Pregrado,Profesional,Ingeniería,Ingeniería Física,10,112 a 122
10,No matriculado,13,2012-1,47,Posgrado,Maestría,Ingeniería,Maestría en Ingeniería Eléctrica,4,121 a 131
14,Graduado,25,2018-1,47,Posgrado,Maestría,Ingeniería,Maestría en Ingeniería Eléctrica,4,181 a 191
8,No matriculado,26,2018-2,47,Posgrado,Maestría,Ingeniería,Maestría en Ingeniería Eléctrica,4,182 a 192
27,No matriculado,26,2018-2,34,Pregrado,Profesional,Ingeniería,Ingeniería Física,10,182 a 192
15,Permanece programa,26,2018-2,FV28,Pregrado,Profesional,Ingeniería,Ingeniería de Sistemas y Computación (Básicos ingeniería),10,182 a 192
3,No matriculado,27,2019-1,28C,Pregrado,Profesional,Ingeniería,Ingeniería de Sistemas y Computación (Convenio Cuba),10,191 a 201
62,Permanece programa,29,2020-1,AY,Posgrado,Maestría,Ingeniería,Maestría en Ingeniería de Sistemas y Computación,4,201 a 211
122,Graduado,29,2020-1,12,Pregrado,Profesional,Ingeniería,Ingeniería Eléctrica,10,201 a 211
3,Cambio de programa,29,2020-1,34,Pregrado,Profesional,Ingeniería,Ingeniería Física,10,201 a 211
14,Cambio de programa,17,2014-1,36,Pregrado,Profesional,Ingeniería,Ingeniería Electrónica (Nocturno),10,141 a 151
5,No matriculado,19,2015-1,47,Posgrado,Maestría,Ingeniería,Maestría en Ingeniería Eléctrica,4,151 a 161
214,Permanece programa,22,2016-2,37,Pregrado,Profesional,Ingeniería,Ingeniería de Sistemas y Computación (Nocturno),12,162 a 172
20,Graduado,22,2016-2,37,Pregrado,Profesional,Ingeniería,Ingeniería de Sistemas y Computación (Nocturno),12,162 a 172
2,No matriculado,30,2020-2,DV,Posgrado,Doctorado,Ingeniería,Doctorado en Ingeniería,7,202 a 212
23,Permanece programa,1,2006-1,47,Posgrado,Maestría,Ingeniería,Maestría en Ingeniería Eléctrica,4,061 a 071
8,Graduado,1,2006-1,47,Posgrado,Maestría,Ingeniería,Maestría en Ingeniería Eléctrica,4,061 a 071
15,No matriculado,4,2007-2,47,Posgrado,Maestría,Ingeniería,Maestría en Ingeniería Eléctrica,4,072 a 082
52,No matriculado,6,2008-2,37,Pregrado,Profesional,Ingeniería,Ingeniería de Sistemas y Computación (Nocturno),12,082 a 092
1,No matriculado,15,2013-1,AY,Posgrado,Maestría,Ingeniería,Maestría en Ingeniería de Sistemas y Computación,4,131 a 141
222,Permanece programa,16,2013-2,36,Pregrado,Profesional,Ingeniería,Ingeniería Electrónica (Nocturno),10,132 a 142
3,No matriculado,16,2013-2,47,Posgrado,Maestría,Ingeniería,Maestría en Ingeniería Eléctrica,4,132 a 142
40,No matriculado,19,2015-1,36,Pregrado,Profesional,Ingeniería,Ingeniería Electrónica (Nocturno),10,151 a 161
23,Graduado,19,2015-1,37,Pregrado,Profesional,Ingeniería,Ingeniería de Sistemas y Computación (Nocturno),12,151 a 161
2,No matriculado,19,2015-1,DV,Posgrado,Doctorado,Ingeniería,Doctorado en Ingeniería,7,151 a 161
185,Permanece programa,3,2007-1,34,Pregrado,Profesional,Ingeniería,Ingeniería Física,10,071 a 081
53,No matriculado,3,2007-1,28,Pregrado,Profesional,Ingeniería,Ingeniería de Sistemas y Computación,10,071 a 081
38,No matriculado,6,2008-2,36,Pregrado,Profesional,Ingeniería,Ingeniería Electrónica (Nocturno),10,082 a 092
10,No matriculado,6,2008-2,47,Posgrado,Maestría,Ingeniería,Maestría en Ingeniería Eléctrica,4,082 a 092
158,Permanece programa,8,2009-2,34,Pregrado,Profesional,Ingeniería,Ingeniería Física,10,092 a 102
17,No matriculado,24,2017-2,34,Pregrado,Profesional,Ingeniería,Ingeniería Física,10,172 a 182
40,Permanece programa,24,2017-2,28C,Pregrado,Profesional,Ingeniería,Ingeniería de Sistemas y Computación (Convenio Cuba),10,172 a 182
28,No matriculado,25,2018-1,37,Pregrado,Profesional,Ingeniería,Ingeniería de Sistemas y Computación (Nocturno),12,181 a 191
4,No matriculado,25,2018-1,AZ,Posgrado,Especialización,Ingeniería,Especialización en Redes de Datos,2,181 a 191
39,Permanece programa,25,2018-1,28C,Pregrado,Profesional,Ingeniería,Ingeniería de Sistemas y Computación (Convenio Cuba),10,181 a 191
7,No matriculado,7,2009-1,47,Posgrado,Maestría,Ingeniería,Maestría en Ingeniería Eléctrica,4,091 a 101
9,Cambio de programa,8,2009-2,28,Pregrado,Profesional,Ingeniería,Ingeniería de Sistemas y Computación,10,092 a 102
3,No matriculado,8,2009-2,AZ,Posgrado,Especialización,Ingeniería,Especialización en Redes de Datos,2,092 a 102
5,Cambio de programa,8,2009-2,34,Pregrado,Profesional,Ingeniería,Ingeniería Física,10,092 a 102
45,Permanece programa,11,2011-1,47,Posgrado,Maestría,Ingeniería,Maestría en Ingeniería Eléctrica,4,111 a 121
45,No matriculado,12,2011-2,36,Pregrado,Profesional,Ingeniería,Ingeniería Electrónica (Nocturno),10,112 a 122
125,Graduado,12,2011-2,28,Pregrado,Profesional,Ingeniería,Ingeniería de Sistemas y Computación,10,112 a 122
11,No matriculado,13,2012-1,AZ,Posgrado,Especialización,Ingeniería,Especialización en Redes de Datos,2,121 a 131
11,Cambio de programa,13,2012-1,36,Pregrado,Profesional,Ingeniería,Ingeniería Electrónica (Nocturno),10,121 a 131
2,Cambio de programa,14,2012-2,AY,Posgrado,Maestría,Ingeniería,Maestría en Ingeniería de Sistemas y Computación,4,122 a 132
5,No matriculado,21,2016-1,47,Posgrado,Maestría,Ingeniería,Maestría en Ingeniería Eléctrica,4,161 a 171
826,Permanece programa,23,2017-1,12,Pregrado,Profesional,Ingeniería,Ingeniería Eléctrica,10,171 a 181
1,No matriculado,23,2017-1,AZ,Posgrado,Especialización,Ingeniería,Especialización en Redes de Datos,2,171 a 181
15,Cambio de programa,24,2017-2,12,Pregrado,Profesional,Ingeniería,Ingeniería Eléctrica,10,172 a 182
28,No matriculado,11,2011-1,34,Pregrado,Profesional,Ingeniería,Ingeniería Física,10,111 a 121
4,Cambio de programa,12,2011-2,AZ,Posgrado,Especialización,Ingeniería,Especialización en Redes de Datos,2,112 a 122
54,Graduado,12,2011-2,36,Pregrado,Profesional,Ingeniería,Ingeniería Electrónica (Nocturno),10,112 a 122
37,Graduado,12,2011-2,37,Pregrado,Profesional,Ingeniería,Ingeniería de Sistemas y Computación (Nocturno),12,112 a 122
9,Cambio de programa,12,2011-2,37,Pregrado,Profesional,Ingeniería,Ingeniería de Sistemas y Computación (Nocturno),12,112 a 122
15,No matriculado,14,2012-2,34,Pregrado,Profesional,Ingeniería,Ingeniería Física,10,122 a 132
22,Graduado,14,2012-2,34,Pregrado,Profesional,Ingeniería,Ingeniería Física,10,122 a 132
5,Graduado,15,2013-1,AT,Posgrado,Especialización,Ingeniería,Especialización en Electrónica Digital,2,131 a 141
7,No matriculado,16,2013-2,36,Pregrado,Profesional,Ingeniería,Ingeniería Electrónica (Nocturno),10,132 a 142
60,No matriculado,17,2014-1,37,Pregrado,Profesional,Ingeniería,Ingeniería de Sistemas y Computación (Nocturno),12,141 a 151
42,Graduado,18,2014-2,34,Pregrado,Profesional,Ingeniería,Ingeniería Física,10,142 a 152
553,Permanece programa,20,2015-2,28,Pregrado,Profesional,Ingeniería,Ingeniería de Sistemas y Computación,10,152 a 162
220,Permanece programa,16,2013-2,34,Pregrado,Profesional,Ingeniería,Ingeniería Física,10,132 a 142
3,Graduado,16,2013-2,AZ,Posgrado,Especialización,Ingeniería,Especialización en Redes de Datos,2,132 a 142
5,Cambio de programa,17,2014-1,37,Pregrado,Profesional,Ingeniería,Ingeniería de Sistemas y Computación (Nocturno),12,141 a 151
12,Cambio de programa,18,2014-2,28,Pregrado,Profesional,Ingeniería,Ingeniería de Sistemas y Computación,10,142 a 152
47,Permanece programa,27,2019-1,47,Posgrado,Maestría,Ingeniería,Maestría en Ingeniería Eléctrica,4,191 a 201
222,Permanece programa,28,2019-2,37,Pregrado,Profesional,Ingeniería,Ingeniería de Sistemas y Computación (Nocturno),12,192 a 202
22,Permanece programa,28,2019-2,DV,Posgrado,Doctorado,Ingeniería,Doctorado en Ingeniería,7,192 a 202
81,Graduado,29,2020-1,28,Pregrado,Profesional,Ingeniería,Ingeniería de Sistemas y Computación,10,201 a 211
22,No matriculado,30,2020-2,47,Posgrado,Maestría,Ingeniería,Maestría en Ingeniería Eléctrica,4,202 a 212
6,Cambio de programa,1,2006-1,37,Pregrado,Profesional,Ingeniería,Ingeniería de Sistemas y Computación (Nocturno),12,061 a 071
227,Permanece programa,16,2013-2,37,Pregrado,Profesional,Ingeniería,Ingeniería de Sistemas y Computación (Nocturno),12,132 a 142
33,Graduado,16,2013-2,37,Pregrado,Profesional,Ingeniería,Ingeniería de Sistemas y Computación (Nocturno),12,132 a 142
57,Graduado,16,2013-2,12,Pregrado,Profesional,Ingeniería,Ingeniería Eléctrica,10,132 a 142
28,Graduado,17,2014-1,34,Pregrado,Profesional,Ingeniería,Ingeniería Física,10,141 a 151
15,No matriculado,18,2014-2,36,Pregrado,Profesional,Ingeniería,Ingeniería Electrónica (Nocturno),10,142 a 152
55,No matriculado,21,2016-1,37,Pregrado,Profesional,Ingeniería,Ingeniería de Sistemas y Computación (Nocturno),12,161 a 171
606,Permanece programa,21,2016-1,28,Pregrado,Profesional,Ingeniería,Ingeniería de Sistemas y Computación,10,161 a 171
7,Cambio de programa,21,2016-1,37,Pregrado,Profesional,Ingeniería,Ingeniería de Sistemas y Computación (Nocturno),12,161 a 171
5,Permanece programa,28,2019-2,AT,Posgrado,Especialización,Ingeniería,Especialización en Electrónica Digital,2,192 a 202
25,Permanece programa,29,2020-1,DV,Posgrado,Doctorado,Ingeniería,Doctorado en Ingeniería,7,201 a 211
248,Permanece programa,5,2008-1,36,Pregrado,Profesional,Ingeniería,Ingeniería Electrónica (Nocturno),10,081 a 091
79,Graduado,5,2008-1,12,Pregrado,Profesional,Ingeniería,Ingeniería Eléctrica,10,081 a 091
53,No matriculado,5,2008-1,36,Pregrado,Profesional,Ingeniería,Ingeniería Electrónica (Nocturno),10,081 a 091
29,Permanece programa,6,2008-2,47,Posgrado,Maestría,Ingeniería,Maestría en Ingeniería Eléctrica,4,082 a 092
219,Permanece programa,20,2015-2,34,Pregrado,Profesional,Ingeniería,Ingeniería Física,10,152 a 162
26,Graduado,20,2015-2,37,Pregrado,Profesional,Ingeniería,Ingeniería de Sistemas y Computación (Nocturno),12,152 a 162
40,No matriculado,21,2016-1,36,Pregrado,Profesional,Ingeniería,Ingeniería Electrónica (Nocturno),10,161 a 171
10,No matriculado,24,2017-2,36,Pregrado,Profesional,Ingeniería,Ingeniería Electrónica (Nocturno),10,172 a 182
3,Cambio de programa,25,2018-1,37,Pregrado,Profesional,Ingeniería,Ingeniería de Sistemas y Computación (Nocturno),12,181 a 191
227,Permanece programa,3,2007-1,36,Pregrado,Profesional,Ingeniería,Ingeniería Electrónica (Nocturno),10,071 a 081
40,Permanece programa,4,2007-2,47,Posgrado,Maestría,Ingeniería,Maestría en Ingeniería Eléctrica,4,072 a 082
19,No matriculado,4,2007-2,34,Pregrado,Profesional,Ingeniería,Ingeniería Física,10,072 a 082
40,No matriculado,4,2007-2,12,Pregrado,Profesional,Ingeniería,Ingeniería Eléctrica,10,072 a 082
3,Cambio de programa,4,2007-2,37,Pregrado,Profesional,Ingeniería,Ingeniería de Sistemas y Computación (Nocturno),12,072 a 082
38,No matriculado,6,2008-2,28,Pregrado,Profesional,Ingeniería,Ingeniería de Sistemas y Computación,10,082 a 092
1,Graduado,7,2009-1,37,Pregrado,Profesional,Ingeniería,Ingeniería de Sistemas y Computación (Nocturno),12,091 a 101
20,Cambio de programa,7,2009-1,12,Pregrado,Profesional,Ingeniería,Ingeniería Eléctrica,10,091 a 101
44,No matriculado,8,2009-2,12,Pregrado,Profesional,Ingeniería,Ingeniería Eléctrica,10,092 a 102
29,Permanece programa,22,2016-2,47,Posgrado,Maestría,Ingeniería,Maestría en Ingeniería Eléctrica,4,162 a 172
3,No matriculado,22,2016-2,AY,Posgrado,Maestría,Ingeniería,Maestría en Ingeniería de Sistemas y Computación,4,162 a 172
226,Permanece programa,23,2017-1,37,Pregrado,Profesional,Ingeniería,Ingeniería de Sistemas y Computación (Nocturno),12,171 a 181
5,Graduado,23,2017-1,AZ,Posgrado,Especialización,Ingeniería,Especialización en Redes de Datos,2,171 a 181
4,Graduado,23,2017-1,DV,Posgrado,Doctorado,Ingeniería,Doctorado en Ingeniería,7,171 a 181
21,Graduado,24,2017-2,37,Pregrado,Profesional,Ingeniería,Ingeniería de Sistemas y Computación (Nocturno),12,172 a 182
20,Graduado,24,2017-2,47,Posgrado,Maestría,Ingeniería,Maestría en Ingeniería Eléctrica,4,172 a 182
16,Graduado,25,2018-1,AY,Posgrado,Maestría,Ingeniería,Maestría en Ingeniería de Sistemas y Computación,4,181 a 191
3,No matriculado,26,2018-2,FV34,Pregrado,Profesional,Ingeniería,Ingeniería Física (Básicos ingenieria),10,182 a 192
146,Permanece programa,27,2019-1,FI,Pregrado,Profesional,Ingeniería,Ingeniería Electrónica (Diurna),10,191 a 201
49,No matriculado,27,2019-1,12,Pregrado,Profesional,Ingeniería,Ingeniería Eléctrica,10,191 a 201
4,Graduado,28,2019-2,AY,Posgrado,Maestría,Ingeniería,Maestría en Ingeniería de Sistemas y Computación,4,192 a 202
29,Graduado,28,2019-2,36,Pregrado,Profesional,Ingeniería,Ingeniería Electrónica (Nocturno),10,192 a 202
16,Cambio de programa,7,2009-1,36,Pregrado,Profesional,Ingeniería,Ingeniería Electrónica (Nocturno),10,091 a 101
8,Cambio de programa,8,2009-2,36,Pregrado,Profesional,Ingeniería,Ingeniería Electrónica (Nocturno),10,092 a 102
51,No matriculado,8,2009-2,37,Pregrado,Profesional,Ingeniería,Ingeniería de Sistemas y Computación (Nocturno),12,092 a 102
55,No matriculado,9,2010-1,37,Pregrado,Profesional,Ingeniería,Ingeniería de Sistemas y Computación (Nocturno),12,101 a 111
242,Permanece programa,10,2010-2,36,Pregrado,Profesional,Ingeniería,Ingeniería Electrónica (Nocturno),10,102 a 112
6,Cambio de programa,10,2010-2,12,Pregrado,Profesional,Ingeniería,Ingeniería Eléctrica,10,102 a 112
22,Cambio de programa,11,2011-1,28,Pregrado,Profesional,Ingeniería,Ingeniería de Sistemas y Computación,10,111 a 121
53,No matriculado,12,2011-2,37,Pregrado,Profesional,Ingeniería,Ingeniería de Sistemas y Computación (Nocturno),12,112 a 122
9,Permanece programa,26,2018-2,FV34,Pregrado,Profesional,Ingeniería,Ingeniería Física (Básicos ingenieria),10,182 a 192
4,Cambio de programa,26,2018-2,34,Pregrado,Profesional,Ingeniería,Ingeniería Física,10,182 a 192
19,No matriculado,27,2019-1,FI,Pregrado,Profesional,Ingeniería,Ingeniería Electrónica (Diurna),10,191 a 201
15,Cambio de programa,30,2020-2,12,Pregrado,Profesional,Ingeniería,Ingeniería Eléctrica,10,202 a 212
12,Cambio de programa,2,2006-2,12,Pregrado,Profesional,Ingeniería,Ingeniería Eléctrica,10,062 a 072
221,Permanece programa,14,2012-2,37,Pregrado,Profesional,Ingeniería,Ingeniería de Sistemas y Computación (Nocturno),12,122 a 132
43,No matriculado,14,2012-2,28,Pregrado,Profesional,Ingeniería,Ingeniería de Sistemas y Computación,10,122 a 132
2,Graduado,14,2012-2,AZ,Posgrado,Especialización,Ingeniería,Especialización en Redes de Datos,2,122 a 132
41,No matriculado,15,2013-1,36,Pregrado,Profesional,Ingeniería,Ingeniería Electrónica (Nocturno),10,131 a 141
1,Cambio de programa,16,2013-2,AY,Posgrado,Maestría,Ingeniería,Maestría en Ingeniería de Sistemas y Computación,4,132 a 142
8,Graduado,29,2020-1,AY,Posgrado,Maestría,Ingeniería,Maestría en Ingeniería de Sistemas y Computación,4,201 a 211
30,Permanece programa,30,2020-2,28C,Pregrado,Profesional,Ingeniería,Ingeniería de Sistemas y Computación (Convenio Cuba),10,202 a 212
66,Graduado,1,2006-1,12,Pregrado,Profesional,Ingeniería,Ingeniería Eléctrica,10,061 a 071
571,Permanece programa,2,2006-2,12,Pregrado,Profesional,Ingeniería,Ingeniería Eléctrica,10,062 a 072
511,Permanece programa,6,2008-2,28,Pregrado,Profesional,Ingeniería,Ingeniería de Sistemas y Computación,10,082 a 092
1,No matriculado,11,2011-1,AY,Posgrado,Maestría,Ingeniería,Maestría en Ingeniería de Sistemas y Computación,4,111 a 121
42,No matriculado,4,2007-2,28,Pregrado,Profesional,Ingeniería,Ingeniería de Sistemas y Computación,10,072 a 082
9,Cambio de programa,6,2008-2,37,Pregrado,Profesional,Ingeniería,Ingeniería de Sistemas y Computación (Nocturno),12,082 a 092
523,Permanece programa,8,2009-2,28,Pregrado,Profesional,Ingeniería,Ingeniería de Sistemas y Computación,10,092 a 102
499,Permanece programa,10,2010-2,28,Pregrado,Profesional,Ingeniería,Ingeniería de Sistemas y Computación,10,102 a 112
44,No matriculado,19,2015-1,37,Pregrado,Profesional,Ingeniería,Ingeniería de Sistemas y Computación (Nocturno),12,151 a 161
7,No matriculado,19,2015-1,AY,Posgrado,Maestría,Ingeniería,Maestría en Ingeniería de Sistemas y Computación,4,151 a 161
47,Graduado,22,2016-2,34,Pregrado,Profesional,Ingeniería,Ingeniería Física,10,162 a 172
1,No matriculado,23,2017-1,FV12,Pregrado,Profesional,Ingeniería,Ingeniería Eléctrica (Básicos ingeniería),10,171 a 181
12,Cambio de programa,6,2008-2,36,Pregrado,Profesional,Ingeniería,Ingeniería Electrónica (Nocturno),10,082 a 092
19,Graduado,7,2009-1,34,Pregrado,Profesional,Ingeniería,Ingeniería Física,10,091 a 101
6,Graduado,7,2009-1,36,Pregrado,Profesional,Ingeniería,Ingeniería Electrónica (Nocturno),10,091 a 101
17,Cambio de programa,8,2009-2,12,Pregrado,Profesional,Ingeniería,Ingeniería Eléctrica,10,092 a 102
10,Graduado,8,2009-2,36,Pregrado,Profesional,Ingeniería,Ingeniería Electrónica (Nocturno),10,092 a 102
196,Permanece programa,9,2010-1,34,Pregrado,Profesional,Ingeniería,Ingeniería Física,10,101 a 111
45,Permanece programa,9,2010-1,47,Posgrado,Maestría,Ingeniería,Maestría en Ingeniería Eléctrica,4,101 a 111
56,No matriculado,12,2011-2,28,Pregrado,Profesional,Ingeniería,Ingeniería de Sistemas y Computación,10,112 a 122
534,Permanece programa,14,2012-2,28,Pregrado,Profesional,Ingeniería,Ingeniería de Sistemas y Computación,10,122 a 132
1,No matriculado,23,2017-1,DV,Posgrado,Doctorado,Ingeniería,Doctorado en Ingeniería,7,171 a 181
39,No matriculado,23,2017-1,34,Pregrado,Profesional,Ingeniería,Ingeniería Física,10,171 a 181
282,Permanece programa,25,2018-1,34,Pregrado,Profesional,Ingeniería,Ingeniería Física,10,181 a 191
8,Cambio de programa,25,2018-1,34,Pregrado,Profesional,Ingeniería,Ingeniería Física,10,181 a 191
111,Graduado,26,2018-2,28,Pregrado,Profesional,Ingeniería,Ingeniería de Sistemas y Computación,10,182 a 192
204,Permanece programa,12,2011-2,37,Pregrado,Profesional,Ingeniería,Ingeniería de Sistemas y Computación (Nocturno),12,112 a 122
18,Cambio de programa,12,2011-2,36,Pregrado,Profesional,Ingeniería,Ingeniería Electrónica (Nocturno),10,112 a 122
15,No matriculado,12,2011-2,47,Posgrado,Maestría,Ingeniería,Maestría en Ingeniería Eléctrica,4,112 a 122
580,Permanece programa,24,2017-2,28,Pregrado,Profesional,Ingeniería,Ingeniería de Sistemas y Computación,10,172 a 182
56,No matriculado,24,2017-2,28,Pregrado,Profesional,Ingeniería,Ingeniería de Sistemas y Computación,10,172 a 182
46,No matriculado,26,2018-2,12,Pregrado,Profesional,Ingeniería,Ingeniería Eléctrica,10,182 a 192
62,No matriculado,26,2018-2,28,Pregrado,Profesional,Ingeniería,Ingeniería de Sistemas y Computación,10,182 a 192
31,Graduado,27,2019-1,34,Pregrado,Profesional,Ingeniería,Ingeniería Física,10,191 a 201
275,Permanece programa,29,2020-1,37,Pregrado,Profesional,Ingeniería,Ingeniería de Sistemas y Computación (Nocturno),12,201 a 211
2,Cambio de programa,29,2020-1,TS,Pregrado,Tecnológica,Ingeniería,Tecnología en Desarrollo de Software,6,201 a 211
82,Graduado,16,2013-2,28,Pregrado,Profesional,Ingeniería,Ingeniería de Sistemas y Computación,10,132 a 142
202,Permanece programa,17,2014-1,37,Pregrado,Profesional,Ingeniería,Ingeniería de Sistemas y Computación (Nocturno),12,141 a 151
854,Permanece programa,17,2014-1,12,Pregrado,Profesional,Ingeniería,Ingeniería Eléctrica,10,141 a 151
82,Graduado,18,2014-2,12,Pregrado,Profesional,Ingeniería,Ingeniería Eléctrica,10,142 a 152
7,Cambio de programa,18,2014-2,37,Pregrado,Profesional,Ingeniería,Ingeniería de Sistemas y Computación (Nocturno),12,142 a 152
232,Permanece programa,19,2015-1,37,Pregrado,Profesional,Ingeniería,Ingeniería de Sistemas y Computación (Nocturno),12,151 a 161
6,Graduado,19,2015-1,AY,Posgrado,Maestría,Ingeniería,Maestría en Ingeniería de Sistemas y Computación,4,151 a 161
5,Cambio de programa,19,2015-1,37,Pregrado,Profesional,Ingeniería,Ingeniería de Sistemas y Computación (Nocturno),12,151 a 161
21,No matriculado,28,2019-2,AY,Posgrado,Maestría,Ingeniería,Maestría en Ingeniería de Sistemas y Computación,4,192 a 202
3,Cambio de programa,30,2020-2,37,Pregrado,Profesional,Ingeniería,Ingeniería de Sistemas y Computación (Nocturno),12,202 a 212
502,Permanece programa,3,2007-1,28,Pregrado,Profesional,Ingeniería,Ingeniería de Sistemas y Computación,10,071 a 081
88,Graduado,3,2007-1,28,Pregrado,Profesional,Ingeniería,Ingeniería de Sistemas y Computación,10,071 a 081
238,Permanece programa,15,2013-1,34,Pregrado,Profesional,Ingeniería,Ingeniería Física,10,131 a 141
4,No matriculado,16,2013-2,AY,Posgrado,Maestría,Ingeniería,Maestría en Ingeniería de Sistemas y Computación,4,132 a 142
76,No matriculado,17,2014-1,12,Pregrado,Profesional,Ingeniería,Ingeniería Eléctrica,10,141 a 151
63,No matriculado,17,2014-1,28,Pregrado,Profesional,Ingeniería,Ingeniería de Sistemas y Computación,10,141 a 151
6,No matriculado,17,2014-1,AY,Posgrado,Maestría,Ingeniería,Maestría en Ingeniería de Sistemas y Computación,4,141 a 151
18,Cambio de programa,18,2014-2,12,Pregrado,Profesional,Ingeniería,Ingeniería Eléctrica,10,142 a 152
45,No matriculado,20,2015-2,37,Pregrado,Profesional,Ingeniería,Ingeniería de Sistemas y Computación (Nocturno),12,152 a 162
32,No matriculado,20,2015-2,36,Pregrado,Profesional,Ingeniería,Ingeniería Electrónica (Nocturno),10,152 a 162
11,Cambio de programa,20,2015-2,28,Pregrado,Profesional,Ingeniería,Ingeniería de Sistemas y Computación,10,152 a 162
658,Permanece programa,30,2020-2,28,Pregrado,Profesional,Ingeniería,Ingeniería de Sistemas y Computación,10,202 a 212
3,Cambio de programa,30,2020-2,TS,Pregrado,Tecnológica,Ingeniería,Tecnología en Desarrollo de Software,6,202 a 212
35,No matriculado,2,2006-2,36,Pregrado,Profesional,Ingeniería,Ingeniería Electrónica (Nocturno),10,062 a 072
41,No matriculado,3,2007-1,12,Pregrado,Profesional,Ingeniería,Ingeniería Eléctrica,10,071 a 081
11,Cambio de programa,4,2007-2,28,Pregrado,Profesional,Ingeniería,Ingeniería de Sistemas y Computación,10,072 a 082
18,Permanece programa,20,2015-2,47,Posgrado,Maestría,Ingeniería,Maestría en Ingeniería Eléctrica,4,152 a 162
82,Graduado,22,2016-2,28,Pregrado,Profesional,Ingeniería,Ingeniería de Sistemas y Computación,10,162 a 172
8,No matriculado,23,2017-1,47,Posgrado,Maestría,Ingeniería,Maestría en Ingeniería Eléctrica,4,171 a 181
809,Permanece programa,24,2017-2,12,Pregrado,Profesional,Ingeniería,Ingeniería Eléctrica,10,172 a 182
1,No matriculado,25,2018-1,FV34,Pregrado,Profesional,Ingeniería,Ingeniería Física (Básicos ingenieria),10,181 a 191
11,Cambio de programa,6,2008-2,28,Pregrado,Profesional,Ingeniería,Ingeniería de Sistemas y Computación,10,082 a 092
273,Permanece programa,7,2009-1,36,Pregrado,Profesional,Ingeniería,Ingeniería Electrónica (Nocturno),10,091 a 101
42,No matriculado,7,2009-1,28,Pregrado,Profesional,Ingeniería,Ingeniería de Sistemas y Computación,10,091 a 101
11,No matriculado,8,2009-2,34,Pregrado,Profesional,Ingeniería,Ingeniería Física,10,092 a 102
26,No matriculado,9,2010-1,34,Pregrado,Profesional,Ingeniería,Ingeniería Física,10,101 a 111
26,Permanece programa,22,2016-2,AY,Posgrado,Maestría,Ingeniería,Maestría en Ingeniería de Sistemas y Computación,4,162 a 172
15,Permanece programa,23,2017-1,FV34,Pregrado,Profesional,Ingeniería,Ingeniería Física (Básicos ingenieria),10,171 a 181
1,Cambio de programa,26,2018-2,FV34,Pregrado,Profesional,Ingeniería,Ingeniería Física (Básicos ingenieria),10,182 a 192
15,Graduado,27,2019-1,37,Pregrado,Profesional,Ingeniería,Ingeniería de Sistemas y Computación (Nocturno),12,191 a 201
731,Permanece programa,28,2019-2,12,Pregrado,Profesional,Ingeniería,Ingeniería Eléctrica,10,192 a 202
59,Graduado,29,2020-1,34,Pregrado,Profesional,Ingeniería,Ingeniería Física,10,201 a 211
12,Graduado,9,2010-1,36,Pregrado,Profesional,Ingeniería,Ingeniería Electrónica (Nocturno),10,101 a 111
43,No matriculado,10,2010-2,37,Pregrado,Profesional,Ingeniería,Ingeniería de Sistemas y Computación (Nocturno),12,102 a 112
24,Graduado,10,2010-2,37,Pregrado,Profesional,Ingeniería,Ingeniería de Sistemas y Computación (Nocturno),12,102 a 112
12,No matriculado,10,2010-2,34,Pregrado,Profesional,Ingeniería,Ingeniería Física,10,102 a 112
24,Permanece programa,11,2011-1,AY,Posgrado,Maestría,Ingeniería,Maestría en Ingeniería de Sistemas y Computación,4,111 a 121
26,Cambio de programa,11,2011-1,37,Pregrado,Profesional,Ingeniería,Ingeniería de Sistemas y Computación (Nocturno),12,111 a 121
81,Graduado,12,2011-2,12,Pregrado,Profesional,Ingeniería,Ingeniería Eléctrica,10,112 a 122
235,Permanece programa,13,2012-1,34,Pregrado,Profesional,Ingeniería,Ingeniería Física,10,121 a 131
20,Cambio de programa,15,2013-1,34,Pregrado,Profesional,Ingeniería,Ingeniería Física,10,131 a 141
24,No matriculado,26,2018-2,37,Pregrado,Profesional,Ingeniería,Ingeniería de Sistemas y Computación (Nocturno),12,182 a 192
43,Graduado,26,2018-2,34,Pregrado,Profesional,Ingeniería,Ingeniería Física,10,182 a 192
18,Graduado,27,2019-1,47,Posgrado,Maestría,Ingeniería,Maestría en Ingeniería Eléctrica,4,191 a 201
12,Graduado,27,2019-1,36,Pregrado,Profesional,Ingeniería,Ingeniería Electrónica (Nocturno),10,191 a 201
7,Graduado,27,2019-1,AZ,Posgrado,Especialización,Ingeniería,Especialización en Redes de Datos,2,191 a 201
67,Graduado,28,2019-2,34,Pregrado,Profesional,Ingeniería,Ingeniería Física,10,192 a 202
11,No matriculado,29,2020-1,TS,Pregrado,Tecnológica,Ingeniería,Tecnología en Desarrollo de Software,6,201 a 211
112,Graduado,30,2020-2,12,Pregrado,Profesional,Ingeniería,Ingeniería Eléctrica,10,202 a 212
6,Cambio de programa,30,2020-2,FI,Pregrado,Profesional,Ingeniería,Ingeniería Electrónica (Diurna),10,202 a 212
6,Permanece programa,11,2011-1,AT,Posgrado,Especialización,Ingeniería,Especialización en Electrónica Digital,2,111 a 121
6,Permanece programa,13,2012-1,AT,Posgrado,Especialización,Ingeniería,Especialización en Electrónica Digital,2,121 a 131
26,Cambio de programa,13,2012-1,34,Pregrado,Profesional,Ingeniería,Ingeniería Física,10,121 a 131
219,Permanece programa,14,2012-2,36,Pregrado,Profesional,Ingeniería,Ingeniería Electrónica (Nocturno),10,122 a 132
70,Graduado,14,2012-2,28,Pregrado,Profesional,Ingeniería,Ingeniería de Sistemas y Computación,10,122 a 132
7,No matriculado,16,2013-2,28,Pregrado,Profesional,Ingeniería,Ingeniería de Sistemas y Computación,10,132 a 142
64,Graduado,17,2014-1,28,Pregrado,Profesional,Ingeniería,Ingeniería de Sistemas y Computación,10,141 a 151
30,No matriculado,17,2014-1,34,Pregrado,Profesional,Ingeniería,Ingeniería Física,10,141 a 151
168,Permanece programa,1,2006-1,36,Pregrado,Profesional,Ingeniería,Ingeniería Electrónica (Nocturno),10,061 a 071
186,Permanece programa,2,2006-2,36,Pregrado,Profesional,Ingeniería,Ingeniería Electrónica (Nocturno),10,062 a 072
3,No matriculado,2,2006-2,47,Posgrado,Maestría,Ingeniería,Maestría en Ingeniería Eléctrica,4,062 a 072
495,Permanece programa,5,2008-1,28,Pregrado,Profesional,Ingeniería,Ingeniería de Sistemas y Computación,10,081 a 091
19,Cambio de programa,5,2008-1,12,Pregrado,Profesional,Ingeniería,Ingeniería Eléctrica,10,081 a 091
24,No matriculado,7,2009-1,34,Pregrado,Profesional,Ingeniería,Ingeniería Física,10,091 a 101
215,Permanece programa,8,2009-2,37,Pregrado,Profesional,Ingeniería,Ingeniería de Sistemas y Computación (Nocturno),12,092 a 102
266,Permanece programa,8,2009-2,36,Pregrado,Profesional,Ingeniería,Ingeniería Electrónica (Nocturno),10,092 a 102
5,Graduado,16,2013-2,AY,Posgrado,Maestría,Ingeniería,Maestría en Ingeniería de Sistemas y Computación,4,132 a 142
1,Cambio de programa,16,2013-2,47,Posgrado,Maestría,Ingeniería,Maestría en Ingeniería Eléctrica,4,132 a 142
4,Cambio de programa,16,2013-2,36,Pregrado,Profesional,Ingeniería,Ingeniería Electrónica (Nocturno),10,132 a 142
6,No matriculado,17,2014-1,47,Posgrado,Maestría,Ingeniería,Maestría en Ingeniería Eléctrica,4,141 a 151
6,Graduado,17,2014-1,AY,Posgrado,Maestría,Ingeniería,Maestría en Ingeniería de Sistemas y Computación,4,141 a 151
14,Cambio de programa,19,2015-1,12,Pregrado,Profesional,Ingeniería,Ingeniería Eléctrica,10,151 a 161
801,Permanece programa,20,2015-2,12,Pregrado,Profesional,Ingeniería,Ingeniería Eléctrica,10,152 a 162
12,Cambio de programa,3,2007-1,28,Pregrado,Profesional,Ingeniería,Ingeniería de Sistemas y Computación,10,071 a 081
8,No matriculado,3,2007-1,47,Posgrado,Maestría,Ingeniería,Maestría en Ingeniería Eléctrica,4,071 a 081
13,Graduado,6,2008-2,34,Pregrado,Profesional,Ingeniería,Ingeniería Física,10,082 a 092
16,No matriculado,10,2010-2,47,Posgrado,Maestría,Ingeniería,Maestría en Ingeniería Eléctrica,4,102 a 112
1,No matriculado,18,2014-2,AZ,Posgrado,Especialización,Ingeniería,Especialización en Redes de Datos,2,142 a 152
15,Cambio de programa,22,2016-2,12,Pregrado,Profesional,Ingeniería,Ingeniería Eléctrica,10,162 a 172
36,Permanece programa,23,2017-1,AY,Posgrado,Maestría,Ingeniería,Maestría en Ingeniería de Sistemas y Computación,4,171 a 181
2,Cambio de programa,23,2017-1,FV12,Pregrado,Profesional,Ingeniería,Ingeniería Eléctrica (Básicos ingeniería),10,171 a 181
37,Graduado,8,2009-2,34,Pregrado,Profesional,Ingeniería,Ingeniería Física,10,092 a 102
88,Graduado,9,2010-1,12,Pregrado,Profesional,Ingeniería,Ingeniería Eléctrica,10,101 a 111
31,Cambio de programa,9,2010-1,12,Pregrado,Profesional,Ingeniería,Ingeniería Eléctrica,10,101 a 111
3,Graduado,9,2010-1,37,Pregrado,Profesional,Ingeniería,Ingeniería de Sistemas y Computación (Nocturno),12,101 a 111
242,Permanece programa,11,2011-1,36,Pregrado,Profesional,Ingeniería,Ingeniería Electrónica (Nocturno),10,111 a 121
11,Cambio de programa,11,2011-1,34,Pregrado,Profesional,Ingeniería,Ingeniería Física,10,111 a 121
36,Graduado,15,2013-1,36,Pregrado,Profesional,Ingeniería,Ingeniería Electrónica (Nocturno),10,131 a 141
750,Permanece programa,15,2013-1,12,Pregrado,Profesional,Ingeniería,Ingeniería Eléctrica,10,131 a 141
19,No matriculado,15,2013-1,34,Pregrado,Profesional,Ingeniería,Ingeniería Física,10,131 a 141
36,Permanece programa,16,2013-2,AY,Posgrado,Maestría,Ingeniería,Maestría en Ingeniería de Sistemas y Computación,4,132 a 142
2,No matriculado,22,2016-2,DV,Posgrado,Doctorado,Ingeniería,Doctorado en Ingeniería,7,162 a 172
145,Graduado,24,2017-2,12,Pregrado,Profesional,Ingeniería,Ingeniería Eléctrica,10,172 a 182
36,No matriculado,24,2017-2,37,Pregrado,Profesional,Ingeniería,Ingeniería de Sistemas y Computación (Nocturno),12,172 a 182
49,No matriculado,24,2017-2,12,Pregrado,Profesional,Ingeniería,Ingeniería Eléctrica,10,172 a 182
14,Permanece programa,24,2017-2,FV34,Pregrado,Profesional,Ingeniería,Ingeniería Física (Básicos ingenieria),10,172 a 182
2,No matriculado,24,2017-2,FV12,Pregrado,Profesional,Ingeniería,Ingeniería Eléctrica (Básicos ingeniería),10,172 a 182
4,No matriculado,24,2017-2,FV28,Pregrado,Profesional,Ingeniería,Ingeniería de Sistemas y Computación (Básicos ingeniería),10,172 a 182
41,Graduado,25,2018-1,34,Pregrado,Profesional,Ingeniería,Ingeniería Física,10,181 a 191
184,Permanece programa,26,2018-2,37,Pregrado,Profesional,Ingeniería,Ingeniería de Sistemas y Computación (Nocturno),12,182 a 192
17,No matriculado,26,2018-2,FI,Pregrado,Profesional,Ingeniería,Ingeniería Electrónica (Diurna),10,182 a 192
1,Cambio de programa,26,2018-2,36,Pregrado,Profesional,Ingeniería,Ingeniería Electrónica (Nocturno),10,182 a 192
22,No matriculado,13,2012-1,34,Pregrado,Profesional,Ingeniería,Ingeniería Física,10,121 a 131
2,Graduado,13,2012-1,AZ,Posgrado,Especialización,Ingeniería,Especialización en Redes de Datos,2,121 a 131
29,Graduado,14,2012-2,36,Pregrado,Profesional,Ingeniería,Ingeniería Electrónica (Nocturno),10,122 a 132
1,Cambio de programa,15,2013-1,47,Posgrado,Maestría,Ingeniería,Maestría en Ingeniería Eléctrica,4,131 a 141
6,Cambio de programa,25,2018-1,FI,Pregrado,Profesional,Ingeniería,Ingeniería Electrónica (Diurna),10,181 a 191
1,No matriculado,25,2018-1,28C,Pregrado,Profesional,Ingeniería,Ingeniería de Sistemas y Computación (Convenio Cuba),10,181 a 191
15,Cambio de programa,28,2019-2,12,Pregrado,Profesional,Ingeniería,Ingeniería Eléctrica,10,192 a 202
24,Graduado,29,2020-1,37,Pregrado,Profesional,Ingeniería,Ingeniería de Sistemas y Computación (Nocturno),12,201 a 211
6,No matriculado,29,2020-1,47,Posgrado,Maestría,Ingeniería,Maestría en Ingeniería Eléctrica,4,201 a 211
1,Graduado,30,2020-2,AY,Posgrado,Maestría,Ingeniería,Maestría en Ingeniería de Sistemas y Computación,4,202 a 212
5,No matriculado,16,2013-2,12,Pregrado,Profesional,Ingeniería,Ingeniería Eléctrica,10,132 a 142
15,No matriculado,16,2013-2,37,Pregrado,Profesional,Ingeniería,Ingeniería de Sistemas y Computación (Nocturno),12,132 a 142
195,Permanece programa,17,2014-1,36,Pregrado,Profesional,Ingeniería,Ingeniería Electrónica (Nocturno),10,141 a 151
7,Permanece programa,17,2014-1,AZ,Posgrado,Especialización,Ingeniería,Especialización en Redes de Datos,2,141 a 151
108,Graduado,19,2015-1,12,Pregrado,Profesional,Ingeniería,Ingeniería Eléctrica,10,151 a 161
107,Graduado,20,2015-2,28,Pregrado,Profesional,Ingeniería,Ingeniería de Sistemas y Computación,10,152 a 162
1,No matriculado,20,2015-2,DV,Posgrado,Doctorado,Ingeniería,Doctorado en Ingeniería,7,152 a 162
1,No matriculado,21,2016-1,AY,Posgrado,Maestría,Ingeniería,Maestría en Ingeniería de Sistemas y Computación,4,161 a 171
1,No matriculado,21,2016-1,DV,Posgrado,Doctorado,Ingeniería,Doctorado en Ingeniería,7,161 a 171
9,Cambio de programa,26,2018-2,FI,Pregrado,Profesional,Ingeniería,Ingeniería Electrónica (Diurna),10,182 a 192
9,No matriculado,27,2019-1,TS,Pregrado,Tecnológica,Ingeniería,Tecnología en Desarrollo de Software,6,191 a 201
9,No matriculado,28,2019-2,47,Posgrado,Maestría,Ingeniería,Maestría en Ingeniería Eléctrica,4,192 a 202
119,Graduado,28,2019-2,28,Pregrado,Profesional,Ingeniería,Ingeniería de Sistemas y Computación,10,192 a 202
25,Graduado,29,2020-1,36,Pregrado,Profesional,Ingeniería,Ingeniería Electrónica (Nocturno),10,201 a 211
1,Graduado,29,2020-1,AT,Posgrado,Especialización,Ingeniería,Especialización en Electrónica Digital,2,201 a 211
153,Permanece programa,1,2006-1,37,Pregrado,Profesional,Ingeniería,Ingeniería de Sistemas y Computación (Nocturno),12,061 a 071
3,No matriculado,1,2006-1,47,Posgrado,Maestría,Ingeniería,Maestría en Ingeniería Eléctrica,4,061 a 071
31,No matriculado,3,2007-1,36,Pregrado,Profesional,Ingeniería,Ingeniería Electrónica (Nocturno),10,071 a 081
6,No matriculado,18,2014-2,AY,Posgrado,Maestría,Ingeniería,Maestría en Ingeniería de Sistemas y Computación,4,142 a 152
1,Cambio de programa,19,2015-1,47,Posgrado,Maestría,Ingeniería,Maestría en Ingeniería Eléctrica,4,151 a 161
21,Graduado,19,2015-1,47,Posgrado,Maestría,Ingeniería,Maestría en Ingeniería Eléctrica,4,151 a 161
1,Cambio de programa,19,2015-1,AY,Posgrado,Maestría,Ingeniería,Maestría en Ingeniería de Sistemas y Computación,4,151 a 161
214,Permanece programa,20,2015-2,37,Pregrado,Profesional,Ingeniería,Ingeniería de Sistemas y Computación (Nocturno),12,152 a 162
39,No matriculado,20,2015-2,28,Pregrado,Profesional,Ingeniería,Ingeniería de Sistemas y Computación,10,152 a 162
43,No matriculado,20,2015-2,12,Pregrado,Profesional,Ingeniería,Ingeniería Eléctrica,10,152 a 162
207,Permanece programa,21,2016-1,36,Pregrado,Profesional,Ingeniería,Ingeniería Electrónica (Nocturno),10,161 a 171
43,No matriculado,21,2016-1,28,Pregrado,Profesional,Ingeniería,Ingeniería de Sistemas y Computación,10,161 a 171
155,Permanece programa,2,2006-2,34,Pregrado,Profesional,Ingeniería,Ingeniería Física,10,062 a 072
11,Cambio de programa,2,2006-2,28,Pregrado,Profesional,Ingeniería,Ingeniería de Sistemas y Computación,10,062 a 072
15,Graduado,4,2007-2,47,Posgrado,Maestría,Ingeniería,Maestría en Ingeniería Eléctrica,4,072 a 082
10,Cambio de programa,4,2007-2,34,Pregrado,Profesional,Ingeniería,Ingeniería Física,10,072 a 082
21,Cambio de programa,5,2008-1,34,Pregrado,Profesional,Ingeniería,Ingeniería Física,10,081 a 091
104,Graduado,7,2009-1,12,Pregrado,Profesional,Ingeniería,Ingeniería Eléctrica,10,091 a 101
115,Graduado,10,2010-2,28,Pregrado,Profesional,Ingeniería,Ingeniería de Sistemas y Computación,10,102 a 112
9,Cambio de programa,10,2010-2,28,Pregrado,Profesional,Ingeniería,Ingeniería de Sistemas y Computación,10,102 a 112
8,Cambio de programa,10,2010-2,37,Pregrado,Profesional,Ingeniería,Ingeniería de Sistemas y Computación (Nocturno),12,102 a 112
28,Permanece programa,22,2016-2,DV,Posgrado,Doctorado,Ingeniería,Doctorado en Ingeniería,7,162 a 172
38,Permanece programa,23,2017-1,47,Posgrado,Maestría,Ingeniería,Maestría en Ingeniería Eléctrica,4,171 a 181
34,Permanece programa,27,2019-1,28C,Pregrado,Profesional,Ingeniería,Ingeniería de Sistemas y Computación (Convenio Cuba),10,191 a 201
17,Graduado,28,2019-2,47,Posgrado,Maestría,Ingeniería,Maestría en Ingeniería Eléctrica,4,192 a 202
30,Permanece programa,28,2019-2,47,Posgrado,Maestría,Ingeniería,Maestría en Ingeniería Eléctrica,4,192 a 202
19,Cambio de programa,7,2009-1,37,Pregrado,Profesional,Ingeniería,Ingeniería de Sistemas y Computación (Nocturno),12,091 a 101
266,Permanece programa,9,2010-1,36,Pregrado,Profesional,Ingeniería,Ingeniería Electrónica (Nocturno),10,101 a 111
13,Cambio de programa,24,2017-2,28,Pregrado,Profesional,Ingeniería,Ingeniería de Sistemas y Computación,10,172 a 182
5,Cambio de programa,24,2017-2,FI,Pregrado,Profesional,Ingeniería,Ingeniería Electrónica (Diurna),10,172 a 182
192,Graduado,26,2018-2,12,Pregrado,Profesional,Ingeniería,Ingeniería Eléctrica,10,182 a 192
8,No matriculado,26,2018-2,36,Pregrado,Profesional,Ingeniería,Ingeniería Electrónica (Nocturno),10,182 a 192
6,No matriculado,26,2018-2,FV28,Pregrado,Profesional,Ingeniería,Ingeniería de Sistemas y Computación (Básicos ingeniería),10,182 a 192
130,Graduado,27,2019-1,12,Pregrado,Profesional,Ingeniería,Ingeniería Eléctrica,10,191 a 201
7,No matriculado,27,2019-1,36,Pregrado,Profesional,Ingeniería,Ingeniería Electrónica (Nocturno),10,191 a 201
258,Permanece programa,28,2019-2,34,Pregrado,Profesional,Ingeniería,Ingeniería Física,10,192 a 202
49,Permanece programa,29,2020-1,36,Pregrado,Profesional,Ingeniería,Ingeniería Electrónica (Nocturno),10,201 a 211
45,No matriculado,11,2011-1,28,Pregrado,Profesional,Ingeniería,Ingeniería de Sistemas y Computación,10,111 a 121
49,No matriculado,12,2011-2,12,Pregrado,Profesional,Ingeniería,Ingeniería Eléctrica,10,112 a 122
11,Cambio de programa,13,2012-1,12,Pregrado,Profesional,Ingeniería,Ingeniería Eléctrica,10,121 a 131
15,No matriculado,14,2012-2,AY,Posgrado,Maestría,Ingeniería,Maestría en Ingeniería de Sistemas y Computación,4,122 a 132
3,Graduado,14,2012-2,AY,Posgrado,Maestría,Ingeniería,Maestría en Ingeniería de Sistemas y Computación,4,122 a 132
6,Graduado,15,2013-1,AZ,Posgrado,Especialización,Ingeniería,Especialización en Redes de Datos,2,131 a 141
24,Graduado,15,2013-1,37,Pregrado,Profesional,Ingeniería,Ingeniería de Sistemas y Computación (Nocturno),12,131 a 141
23,Cambio de programa,15,2013-1,12,Pregrado,Profesional,Ingeniería,Ingeniería Eléctrica,10,131 a 141
10,Cambio de programa,15,2013-1,37,Pregrado,Profesional,Ingeniería,Ingeniería de Sistemas y Computación (Nocturno),12,131 a 141